id,city,date,history,unit,createdAt,updatedAt
1,shenzhen,2026-08-26,"29.6C (11:00am, 0¢) -> 30.4C (12:00pm, 38¢)",C,2026-08-26T03:16:56.412Z,2026-08-26T05:07:20.006Z
2,hong kong,2026-08-26,"28.4C (11:00am, 0¢) -> 29.4C (11:30am, 35¢) -> 29.4C (12:00pm, 14¢) -> 29.5C (12:30pm, 14¢) -> 30.2C (3:30pm, 59¢)",C,2026-08-26T03:18:50.360Z,2026-08-26T07:43:04.172Z
3,tokyo,2026-08-26,"33.4C (12:00pm, 24¢) -> 33.4F (12:00pm, 17¢) -> 33.1C (1:00pm, 17¢) -> 33.1C (1:30pm, 17¢) -> 32.3F (2:30pm, 0¢) -> 32.1F (4:30pm, 0¢)",F,2026-08-26T03:19:47.991Z,2026-08-26T07:42:05.882Z
4,shanghai,2026-08-26,"32.3F (11:30am, 56¢) -> 32.1C (12:00pm, 51¢) -> 32C (12:30pm, 51¢) -> 32F (1:00pm, 51¢) -> 32C (1:30pm, 51¢) -> 31.6C (3:30pm, 0¢)",C,2026-08-26T03:36:01.889Z,2026-08-26T07:41:03.561Z
5,seoul,2026-08-26,"30.4C (12:30pm, 64¢) -> 29.3C (1:00pm, 0¢) -> 29.2C (1:30pm, 0¢) -> 29.1C (2:00pm, 0¢) -> 28.1C (2:30pm, 0¢) -> 29.5C (4:30pm, 0¢)",C,2026-08-26T03:36:42.436Z,2026-08-26T07:35:50.306Z
6,beijing,2026-08-26,"28C (11:30am, 44¢) -> 28.9C (12:00pm, 24¢) -> 27.8C (12:30pm, 60¢) -> 28.6C (1:30pm, 60¢) -> 28.3C (3:00pm, 60¢) -> 28.3C (3:30pm, 60¢)",C,2026-08-26T03:37:04.437Z,2026-08-26T07:40:04.765Z
7,singapore,2026-08-26,"31.3C (11:30am, 44¢) -> 31.1C (12:00pm, 56¢) -> 28.4C (12:30pm, 0¢) -> 29.6C (1:00pm, 0¢) -> 27.1C (3:30pm, 0¢)",C,2026-08-26T03:37:25.141Z,2026-08-26T07:34:36.502Z
8,london,2026-08-26,"25.6C (8:50am, 34¢) -> 24.8C (9:20am, 34¢) -> nullC (9:50am, 2¢↑) -> 25.1C (9:50am, 43¢)",C,2026-08-26T08:03:04.368Z,2026-08-26T08:59:35.324Z
9,milan,2026-08-26,"28.7C (9:50am, 10¢) -> 28.9C (10:20am, 65¢) -> 29.2C (10:50am, 74¢)",C,2026-08-26T08:04:49.557Z,2026-08-26T08:56:49.447Z
10,madrid,2026-08-26,"28.8C (9:30am, 24¢) -> 29.7C (10:00am, 28¢) -> 29.5C (10:30am, 23¢)",C,2026-08-26T08:05:21.368Z,2026-08-26T08:35:03.580Z
11,amsterdam,2026-08-26,"25.9C (9:55am, 21¢) -> 26.2C (10:25am, 37¢)",C,2026-08-26T08:06:03.918Z,2026-08-26T08:28:48.079Z
12,paris,2026-08-26,"nullC (10:00am, 0¢) -> 31.5C (10:30am, 5¢) -> 31.3C (10:00am, 6¢)",C,2026-08-26T08:07:04.162Z,2026-08-26T08:38:34.063Z
13,munich,2026-08-26,"27.7C (9:50am, 58¢) -> 26.7C (10:20am, 27¢) -> 27.6C (10:50am, 62¢)",C,2026-08-26T08:07:49.243Z,2026-08-26T08:59:03.822Z
14,nyc,2026-08-26,"nullF (11:03am, 4¢↑) -> nullF (11:39am, 4¢↑) -> 81.2F (12:37pm) -> nullF (12:56pm, 5¢↑) -> 81.1F (1:49pm) -> 82.2F (2:40pm, 59¢) -> nullF (3:12pm, 35¢↑) -> 82.7F (3:12pm, 64¢)",F,2026-08-26T15:07:20.910Z,2026-08-26T19:16:19.504Z
15,miami,2026-08-26,"nullF (11:03am, 70¢↑) -> nullF (11:40am, 59¢↑)",F,2026-08-26T15:08:34.553Z,2026-08-26T15:44:49.506Z
16,atlanta,2026-08-26,"90.3F (11:05am, 46¢)",F,2026-08-26T15:09:35.996Z,2026-08-26T15:09:36.124Z
17,houston,2026-08-26,"98.7F (10:07am, 44¢)",F,2026-08-26T15:10:49.002Z,2026-08-26T15:10:49.146Z
18,san francisco,2026-08-26,"76.2F (2:24pm, 87¢)",F,2026-08-26T21:29:51.239Z,2026-08-26T21:29:51.393Z
19,los angeles,2026-08-26,85.5F (2:27pm),F,2026-08-26T21:30:49.007Z,2026-08-26T21:31:35.070Z
20,seattle,2026-08-26,"nullF (3:40pm, 5¢↑) -> 76.9F (3:54pm)",F,2026-08-26T22:43:35.606Z,2026-08-26T23:12:27.309Z
21,wellington,2026-08-26,"13.2C (11:30am, 100¢↑)",C,2026-08-26T23:47:51.474Z,2026-08-26T23:47:51.616Z
22,wellington,2026-08-27,"13.2C (11:30am, 23¢) -> 14C (12:00pm, 68¢) -> 12.8C (2:30pm, 56¢) -> 12.5C (3:30pm, 68¢) -> 12.5C (4:00pm, 51¢) -> nullC (4:30pm, 57¢↑) -> 12.4C (4:30pm, 56¢) -> 11.4C (5:00pm, 76¢↑)",C,2026-08-27T00:04:50.357Z,2026-08-27T05:14:05.404Z
23,shanghai,2026-08-27,"31.6C (10:00am, 9¢) -> 31.4C (10:30am, 15¢) -> 32.2C (11:00am, 73¢) -> 31.1C (11:30am, 81¢↑) -> 32.1C (12:00pm, 92¢) -> 32.1C (12:30pm, 92¢)",C,2026-08-27T02:16:19.468Z,2026-08-27T04:36:36.690Z
24,tokyo,2026-08-27,"29.6F (11:00am, 72¢↑) -> 29.4C (11:30am, 71¢↑) -> 30.3C (12:00pm, 66¢) -> 30.2F (12:30pm, 67¢) -> 30.7C (1:00pm, 78¢)",C,2026-08-27T02:17:19.048Z,2026-08-27T04:11:19.590Z
25,shenzhen,2026-08-27,"30.8C (10:00am, 33¢) -> 30.6C (11:00am, 46¢) -> 30.4C (12:00pm, 52¢) -> 29.9C (1:00pm, 46¢)",C,2026-08-27T02:17:33.009Z,2026-08-27T05:07:56.426Z
26,seoul,2026-08-27,"30.3C (11:00am, 57¢) -> 31C (11:30am, 32¢) -> 29.7C (12:00pm, 65¢↑) -> 29.5C (12:30pm, 65¢↑) -> 30.3C (1:00pm, 53¢) -> 30.2C (1:30pm, 47¢) -> 30.2C (2:00pm, 53¢) -> 29.1C (3:00pm, 95¢↑)",C,2026-08-27T02:18:02.950Z,2026-08-27T06:22:06.284Z
27,hong kong,2026-08-27,"29.8C (10:00am, 35¢) -> 29.7C (10:30am, 49¢) -> 29.5C (11:30am, 53¢)",C,2026-08-27T02:18:19.767Z,2026-08-27T03:44:49.373Z
28,beijing,2026-08-27,"30.2C (10:00am, 30¢) -> 30.5C (10:30am, 30¢) -> 28.9C (11:00am, 11¢) -> 29.5C (11:30am, 17¢) -> 29.1C (12:00pm, 31¢) -> 29.8C (12:30pm, 56¢) -> 28.5C (1:00pm, 28¢↑)",C,2026-08-27T02:18:48.006Z,2026-08-27T05:12:04.489Z
29,singapore,2026-08-27,"30.9C (10:00am, 8¢) -> 31.5C (10:30am, 9¢) -> 32.2C (11:00am, 61¢) -> 32.8C (11:30am, 52¢) -> nullC (12:00pm, 63¢↑) -> 31.3C (12:30pm, 59¢↑) -> nullC (1:00pm, 72¢↑) -> 31.2C (1:30pm, 89¢↑) -> 33.2C (2:00pm, 96¢)",C,2026-08-27T02:19:03.403Z,2026-08-27T06:21:06.124Z
30,madrid,2026-08-27,"22.7C (2:00pm, 22¢↑) -> 22.2C (3:30pm, 51¢↑) -> 21.5C (4:00pm, 52¢↑)",C,2026-08-27T12:29:21.314Z,2026-08-27T14:06:35.762Z
31,london,2026-08-27,"25.3C (1:20pm, 55¢) -> 25.2C (1:50pm, 56¢) -> nullC (2:20pm, 9¢↑)",C,2026-08-27T12:32:05.662Z,2026-08-27T13:44:20.419Z
32,munich,2026-08-27,"29C (2:20pm, 7¢) -> 29.6C (2:50pm, 9¢) -> 29.3C (3:20pm, 5¢) -> 30.1C (3:50pm, 54¢)",C,2026-08-27T12:37:49.153Z,2026-08-27T13:54:05.964Z
33,nyc,2026-08-27,"80.1F (9:59am, 64¢) -> 78.5F (10:57am, 17¢) -> 78.3F (12:54pm, 46¢) -> 76.4F (3:23pm, 54¢)",F,2026-08-27T14:03:20.100Z,2026-08-27T19:26:34.582Z
34,miami,2026-08-27,"nullF (10:01am, 3¢↑) -> nullF (10:57am, 56¢↑) -> nullF (10:57am, 56¢↑) -> 90.5F (12:54pm, 93¢↑)",F,2026-08-27T14:04:07.117Z,2026-08-27T17:01:07.293Z
35,houston,2026-08-27,"96.3F (10:00am, 44¢) -> 92.4F (11:19am, 10¢) -> 93.7F (12:06pm) -> 95.8F (2:31pm, 63¢)",F,2026-08-27T15:02:51.096Z,2026-08-27T19:34:20.985Z
36,atlanta,2026-08-27,"80.3F (11:00am, 33¢) -> 79.6F (12:56pm, 30¢) -> 86.8F (3:30pm, 47¢)",F,2026-08-27T15:03:52.275Z,2026-08-27T19:33:03.974Z
37,seattle,2026-08-27,"70.5F (11:09am, 25¢) -> 69F (12:10pm) -> 69.9F (12:13pm, 34¢) -> 70.9F (12:17pm, 35¢)",F,2026-08-27T18:12:36.450Z,2026-08-27T19:20:35.434Z
38,san francisco,2026-08-27,"71.1F (11:11am) -> 77.3F (12:10pm, 14¢) -> 72.8F (12:18pm, 25¢)",F,2026-08-27T18:14:49.447Z,2026-08-27T19:21:20.357Z
39,los angeles,2026-08-27,"88.5F (12:25pm, 25¢)",F,2026-08-27T19:29:05.002Z,2026-08-27T19:29:05.243Z
40,shenzhen,2026-08-28,"30.6C (9:00am, 23¢) -> 31.3C (2:00pm, 96¢)",C,2026-08-28T01:29:34.182Z,2026-08-28T07:01:50.281Z
41,shanghai,2026-08-28,"30.4C (9:00am, 13¢) -> 31.1F (9:30am, 75¢)",F,2026-08-28T01:30:04.429Z,2026-08-28T01:44:33.428Z
42,wellington,2026-08-28,"15.1C (1:00pm, 63¢)",C,2026-08-28T01:30:33.300Z,2026-08-28T01:30:33.450Z
43,beijing,2026-08-28,"22.9C (9:00am, 90¢↑) -> 21C (9:30am, 91¢↑)",C,2026-08-28T01:30:49.004Z,2026-08-28T01:43:18.977Z
44,seoul,2026-08-28,"28.5C (10:00am, 8¢) -> 29.1C (10:30am, 45¢)",C,2026-08-28T01:31:49.442Z,2026-08-28T01:45:04.358Z
45,singapore,2026-08-28,"32.4C (9:30am, 17¢)",C,2026-08-28T01:41:49.031Z,2026-08-28T01:41:49.694Z
46,london,2026-08-28,"24.2C (7:50am, 52¢) -> 24C (8:50am, 54¢)",C,2026-08-28T07:02:34.192Z,2026-08-28T08:03:54.211Z
47,munich,2026-08-28,"29.7C (8:50am, 29¢)",C,2026-08-28T07:03:09.087Z,2026-08-28T07:03:09.206Z
48,amsterdam,2026-08-28,"21.6C (8:55am, 32¢) -> 20.7C (9:55am, 4¢)",C,2026-08-28T07:03:48.980Z,2026-08-28T08:05:05.658Z
49,madrid,2026-08-28,"24.1C (8:30am, 6¢↑) -> 23.5C (9:00am, 6¢↑) -> 24.5C (9:30am, 5¢↑) -> 24.6C (10:00am, 5¢↑)",C,2026-08-28T07:04:35.183Z,2026-08-28T08:06:35.336Z
50,nyc,2026-08-28,"nullF (12:04pm, 12¢↑) -> nullF (2:25pm, 72¢↑) -> nullF (3:08pm, 48¢↑)",F,2026-08-28T16:07:52.555Z,2026-08-28T19:22:49.841Z
51,miami,2026-08-28,"nullF (12:05pm, 17¢↑) -> nullF (2:28pm, 89¢↑)",F,2026-08-28T16:08:21.069Z,2026-08-28T18:32:04.176Z
52,atlanta,2026-08-28,"nullF (12:59pm, 21¢↑) -> 92.9F (3:18pm, 27¢)",F,2026-08-28T17:03:06.518Z,2026-08-28T19:23:19.847Z
53,los angeles,2026-08-28,"85.9F (11:11am, 47¢) -> 87F (12:19pm, 54¢)",F,2026-08-28T18:17:06.701Z,2026-08-28T19:23:34.885Z
54,san francisco,2026-08-28,"66F (11:27am, 28¢) -> 65.3F (12:07pm, 14¢) -> 65.2F (12:24pm, 14¢) -> 65.2F (12:25pm, 14¢) -> 66.9F (2:47pm, 50¢)",F,2026-08-28T18:31:04.771Z,2026-08-28T21:51:05.963Z
55,seattle,2026-08-28,"73F (12:08pm, 63¢)",F,2026-08-28T19:22:23.690Z,2026-08-28T19:22:24.167Z
56,tokyo,2026-08-29,"25.1C (11:00am, 98¢↑) -> 26.7C (8:30am, 100¢↑)",C,2026-08-29T02:27:04.684Z,2026-08-29T23:54:51.738Z
57,seoul,2026-08-29,"nullC (11:00am, 12¢↑) -> 29.2C (11:00am, 39¢) -> 29C (11:30am, 39¢) -> 28.8C (12:00pm, 44¢) -> 29.6C (12:30pm, 48¢) -> 28.2C (2:30pm, 99¢↑) -> 28.4C (3:30pm, 99¢↑) -> 28.6C (4:00pm, 99¢↑)",C,2026-08-29T02:28:48.309Z,2026-08-29T07:07:19.306Z
58,beijing,2026-08-29,"30.5C (10:30am, 39¢) -> 29.7C (11:00am, 11¢) -> 29.9C (11:30am, 41¢) -> 29.1C (12:00pm, 29¢) -> 28.7C (1:30pm, 31¢) -> 29.1C (2:00pm, 45¢) -> 28.9C (2:30pm, 46¢) -> 32.9C (7:30am, 0¢)",C,2026-08-29T02:43:19.186Z,2026-08-29T23:53:48.720Z
59,singapore,2026-08-29,"32.7C (10:30am, 15¢) -> 33C (11:30am, 81¢) -> 32.7F (12:00pm, 13¢) -> 33.1F (2:00pm, 89¢) -> 33.2C (2:30pm, 99¢) -> 33.3C (3:00pm, 97¢) -> 26.6C (7:45am, 100¢↑)",C,2026-08-29T02:43:49.147Z,2026-08-29T23:55:02.924Z
60,shanghai,2026-08-29,"30.5C (11:00am, 2¢) -> 31.3C (11:30am, 52¢) -> 31.1C (12:00pm, 45¢) -> 31.3C (1:30pm, 81¢) -> 31.4C (2:00pm, 89¢) -> 31C (3:00pm, 95¢) -> 30.8C (7:30am, 100¢)",C,2026-08-29T03:10:49.282Z,2026-08-29T23:54:03.923Z
61,shenzhen,2026-08-29,"32.4C (11:00am, 27¢) -> 33C (12:00pm, 38¢) -> nullC (1:00pm, 47¢↑) -> 33.3C (3:00pm, 16¢) -> 31.2C (7:00am, 100¢↑)",C,2026-08-29T03:11:03.592Z,2026-08-29T23:54:19.925Z
62,hong kong,2026-08-29,"32.6F (2:40pm, 90¢) -> 32.6F (2:50pm, 82¢) -> 31.7C (7:40am, 100¢↑)",C,2026-08-29T06:52:47.670Z,2026-08-29T23:53:35.034Z
63,london,2026-08-29,"20.7C (10:50am, 26¢) -> 20.7C (11:20am, 26¢) -> 20.8C (11:50am, 47¢)",C,2026-08-29T10:25:06.007Z,2026-08-29T10:55:04.009Z
64,munich,2026-08-29,"24.7C (11:50am, 33¢) -> 24.2C (12:20pm, 28¢) -> 23.7C (12:50pm, 3¢)",C,2026-08-29T10:26:33.364Z,2026-08-29T10:55:20.530Z
65,amsterdam,2026-08-29,"23.4C (11:55am, 45¢) -> 23.7C (12:25pm, 56¢) -> 22C (12:55pm, 41¢)",C,2026-08-29T10:27:48.303Z,2026-08-29T10:58:48.165Z
66,madrid,2026-08-29,"29.6C (12:00pm, 37¢↑) -> 29.6C (12:30pm, 40¢↑) -> 30C (6:00pm, 73¢)",C,2026-08-29T10:28:17.997Z,2026-08-29T16:13:35.720Z
67,miami,2026-08-29,"90.2F (6:43am, 32¢) -> 82.2F (12:11pm, 52¢↑) -> 84F (12:55pm, 62¢) -> 83.5F (12:58pm, 53¢↑) -> 82.8F (1:22pm, 72¢↑) -> 82.6F (1:46pm, 78¢↑) -> 82.4F (1:58pm, 71¢↑) -> 82.6F (7:27pm, 100¢↑) -> 83.3F (7:40pm, 100¢↑)",F,2026-08-29T10:46:48.176Z,2026-08-29T23:43:19.598Z
68,nyc,2026-08-29,"78.8F (12:10pm, 62¢) -> 76.7F (12:30pm, 5¢) -> 76.5F (12:37pm, 6¢) -> 75.9F (12:56pm, 7¢) -> 75.3F (1:20pm, 9¢↑) -> 77.9F (1:45pm, 77¢) -> 76.6F (1:57pm, 14¢) -> 76.6F (2:06pm, 14¢) -> 78.3F (2:25pm, 75¢) -> 77.9F (2:57pm, 76¢) -> 77.5F (3:21pm, 15¢) -> 78.4F (6pm, 67¢) -> 78.3F (4:12pm, 73¢) -> 79F (7:06pm, 100¢) -> 79.5F (7:22pm, 100¢) -> 77.8F (7:35pm, 100¢↑)",F,2026-08-29T16:14:20.354Z,2026-08-29T23:39:35.539Z
69,houston,2026-08-29,"95.3F (11:11am, 49¢)",F,2026-08-29T16:15:19.409Z,2026-08-29T16:15:19.703Z
70,atlanta,2026-08-29,"83.8F (12:12pm, 8¢) -> 83.8F (12:32pm, 9¢) -> 83.7F (12:35pm, 9¢) -> 84.8F (12:57pm, 13¢) -> 83.4F (1:22pm, 7¢) -> 84.7F (1:46pm, 14¢) -> 87.6F (2:06pm, 31¢) -> 86.2F (2:23pm, 31¢) -> 85.3F (2:58pm, 37¢↑) -> 87.9F (3:22pm, 56¢) -> 87.7F (3:46pm, 32¢) -> 89.4F (7:08pm, 98¢) -> 89.2F (7:37pm, 98¢)",F,2026-08-29T16:15:35.963Z,2026-08-29T23:41:07.822Z
71,san francisco,2026-08-29,"nullF (9:13am, 8¢↑) -> 70.2F (9:31am, 7¢) -> nullF (9:40am, 4¢↑) -> nullF (9:46am, 3¢↑) -> 69.7F (9:50am, 53¢) -> 70.6F (9:56am, 9¢) -> 70.5F (10:21am, 11¢) -> 71.4F (10:45am, 14¢) -> 69.5F (10:58am, 51¢) -> 70.8F (11:07am, 28¢) -> 71.5F (11:25am, 36¢) -> 70.6F (11:57am, 39¢) -> 70.4F (12:20pm, 82¢) -> 69.7F (12:43pm, 81¢↑) -> 70.4F (4:06pm, 99¢) -> 70.8F (4:22pm, 99¢) -> 71F (4:35pm, 99¢)",F,2026-08-29T16:16:04.254Z,2026-08-29T23:39:06.222Z
72,seattle,2026-08-29,"65.6F (9:13am, 11¢) -> 59.1F (9:31am, 1¢) -> 65F (9:39am, 14¢) -> 67.4F (9:51am, 22¢) -> 67.4F (9:56am, 22¢) -> 66.7F (10:21am, 20¢) -> 66.6F (10:58am, 21¢) -> 67.4F (11:25am, 17¢) -> 67.6F (11:57am, 20¢) -> 67.8F (12:03pm, 16¢) -> 69.6F (12:20pm, 50¢) -> 68.8F (12:45pm, 47¢) -> 69.4F (1:13pm, 54¢) -> 72.5F (4:07pm, 11¢) -> 70.1F (4:23pm, 78¢) -> 69.3F (4:36pm, 95¢↑)",F,2026-08-29T16:17:05.000Z,2026-08-29T23:40:11.702Z
73,los angeles,2026-08-29,"85.7F (9:14am, 45¢) -> nullF (9:32am, 3¢↑) -> 84.7F (9:35am, 50¢) -> 85.8F (9:57am, 48¢) -> 87F (10:46am, 38¢) -> 86.1F (10:58am, 36¢) -> 86.1F (11:26am, 50¢) -> 85.4F (11:59am, 62¢) -> 87.1F (12:23pm, 53¢) -> 86.8F (12:46pm, 51¢) -> 85.9F (1:13pm, 26¢) -> 84.1F (4:08pm, 99¢) -> 84.3F (4:25pm, 99¢) -> 84.4F (4:37pm, 99¢)",F,2026-08-29T16:17:49.165Z,2026-08-29T23:42:21.116Z
74,amsterdam,2026-08-30,"20.3C (1:55am, 6¢) -> 19.9C (9:55am, 16¢) -> 21.7C (10:25am, 67¢) -> 20.5C (10:55am, 12¢) -> 20.3C (11:25am, 27¢) -> 20.2C (11:55am, 29¢) -> 20.3C (12:25pm, 26¢) -> 21.3C (12:55pm, 65¢) -> 22.2C (1:25pm, 20¢) -> 20C (1:55pm, 85¢↑) -> 19.8C (2:25pm, 91¢↑) -> 19.6C (2:55pm, 79¢↑) -> 21.5C (3:25pm, 87¢) -> 21.5C (3:55pm, 71¢) -> 21.3C (4:25pm, 95¢) -> 21.1C (4:55pm, 97¢) -> 21.2C (5:25pm, 97¢) -> 21.1C (5:55pm, 96¢)",C,2026-08-30T00:22:51.247Z,2026-08-30T15:59:49.731Z
75,london,2026-08-30,"22.9C (12:50am, 30¢) -> 22.3C (8:50am, 45¢) -> 21.9C (9:20am, 50¢) -> 22.3C (9:50am, 53¢) -> 22.7C (10:20am, 56¢) -> 23C (10:50am, 31¢) -> 22.5C (11:20am, 64¢) -> 22.8C (11:50am, 34¢) -> 22.5C (12:20pm, 53¢) -> 22.4C (12:50pm, 24¢) -> 23.4C (1:20pm, 92¢) -> 22.5C (1:50pm, 97¢↑) -> 19.5C (2:20pm, 99¢↑) -> 22.5C (2:50pm, 97¢↑) -> 22.5C (3:20pm, 99¢↑) -> 23.4C (3:50pm, 99¢) -> 22.6C (4:20pm, 99¢↑) -> 23C (4:50pm, 100¢) -> 23.1C (5:20pm, 100¢) -> 22.9C (5:50pm, 100¢)",C,2026-08-30T00:23:18.654Z,2026-08-30T16:58:06.698Z
76,milan,2026-08-30,"28C (1:50am, 17¢↑) -> 30C (9:50am, 74¢) -> 29.1C (10:20am, 5¢) -> 29.3C (10:50am, 5¢) -> 29.5C (11:20am, 5¢) -> nullC (11:50am, 10¢↑) -> 29.3C (12:20pm, 16¢) -> 29.8F (12:50pm, 71¢) -> 30C (1:50pm, 76¢) -> 29.6C (2:20pm, 6¢) -> 29.3C (2:50pm, 5¢) -> 30.2C (3:20pm, 70¢) -> 30C (3:50pm, 72¢) -> 30.1C (4:20pm, 76¢) -> 30.1C (4:50pm, 72¢) -> 31.3C (5:20pm, 99¢) -> 30.6C (5:50pm, 100¢↑)",C,2026-08-30T00:23:35.159Z,2026-08-30T15:58:23.343Z
77,munich,2026-08-30,"25.1C (2:20am, 2¢) -> 25.4C (9:50am, 2¢) -> 26.5C (10:20am, 18¢) -> 26.7C (10:50am, 16¢) -> 26C (11:20am, 16¢) -> 26.5C (11:50am, 16¢) -> 27C (12:20pm, 78¢) -> 26.5C (12:50pm, 9¢) -> 26.2C (1:20pm, 10¢) -> 26.8C (1:50pm, 79¢) -> 26.6C (2:20pm, 77¢↑) -> 26.4C (2:50pm, 1¢) -> 27.2C (3:20pm, 79¢) -> 27C (3:50pm, 79¢) -> 27C (4:20pm, 81¢) -> 26.1C (4:50pm, 92¢↑) -> 26.3C (5:20pm, 99¢↑) -> 26.6C (5:50pm, 100¢↑)",C,2026-08-30T00:24:04.781Z,2026-08-30T15:57:23.434Z
78,paris,2026-08-30,"23.2C (2:12am, 25¢) -> 24.2C (10:00am, 55¢) -> 23.9C (10:18am, 55¢) -> 23.6C (10:30am, 24¢) -> 24.4C (10:48am, 57¢) -> nullC (12:00pm, 2¢↑) -> 23.2C (12:30pm, 23¢) -> 24.7C (1:00pm, 53¢) -> 24.3C (1:30pm, 54¢) -> 24.1C (2:00pm, 51¢) -> 24.1C (2:30pm, 46¢) -> 25.1C (3:00pm, 52¢) -> 24.6C (3:30pm, 33¢) -> 24.4C (4:00pm, 32¢) -> 24.6C (4:30pm, 61¢) -> 24.7C (5:00pm, 69¢) -> 24.5C (5:30pm, 74¢)",C,2026-08-30T00:24:19.326Z,2026-08-30T15:35:36.734Z
79,hong kong,2026-08-30,"30.9C (8:50am, 39¢)",C,2026-08-30T01:06:35.352Z,2026-08-30T01:06:35.927Z
80,beijing,2026-08-30,"33.2C (9:00am, 51¢)",C,2026-08-30T01:06:48.400Z,2026-08-30T01:06:48.732Z
81,shanghai,2026-08-30,"29.9F (9:00am, 13¢)",F,2026-08-30T01:07:03.257Z,2026-08-30T01:07:03.892Z
82,shenzhen,2026-08-30,"32.4F (9:00am, 7¢)",F,2026-08-30T01:07:18.501Z,2026-08-30T01:07:18.764Z
83,tokyo,2026-08-30,"27.7C (10:00am, 45¢)",C,2026-08-30T01:07:33.241Z,2026-08-30T01:07:33.498Z
84,seoul,2026-08-30,"27.3C (1:30pm, 82¢)",C,2026-08-30T04:48:04.624Z,2026-08-30T04:48:04.760Z
85,madrid,2026-08-30,"32.3C (9:30am, 7¢) -> 32.8C (10:00am, 7¢) -> 32.3C (10:30am, 8¢) -> 33.4C (11:30am, 77¢) -> 33C (12:00pm, 76¢) -> 32.7F (12:30pm, 6¢) -> 33.5C (1:00pm, 78¢) -> 32.5C (1:30pm, 6¢) -> 32.6C (2:00pm, 11¢) -> 31.9C (2:30pm, 9¢) -> 32.3C (3:00pm, 6¢) -> 31.8F (3:30pm, 7¢) -> 32.3C (4:00pm, 6¢) -> 33.2C (4:30pm, 84¢) -> 33C (5:00pm, 94¢) -> 33.1C (5:30pm, 92¢)",C,2026-08-30T08:03:18.335Z,2026-08-30T15:36:50.003Z
86,atlanta,2026-08-30,"91.4F (8:16am, 70¢) -> 89.1F (1:05pm, 28¢) -> 90.5F (1:19pm, 67¢) -> 88.9F (1:36pm, 27¢) -> 88.4F (1:50pm, 28¢) -> 89.2F (2:03pm, 27¢) -> 88F (2:20pm, 27¢) -> 90.4F (2:32pm, 65¢) -> 90F (2:50pm, 66¢) -> 87.6F (3:03pm, 28¢↑) -> 86.7F (3:16pm, 30¢↑) -> 89.7F (3:35pm, 45¢) -> 87.7F (3:49pm, 46¢↑) -> 90.4F (4:02pm, 22¢) -> 90F (4:18pm, 40¢) -> 92.6F (4:32pm, 4¢) -> 90.1F (4:49pm, 71¢) -> 90.6F (5:07pm, 19¢) -> 90.7F (5:19pm, 37¢) -> 90.9F (5:31pm, 40¢) -> 91.1F (5:49pm, 42¢)",F,2026-08-30T12:18:50.904Z,2026-08-30T21:51:44.328Z
87,san francisco,2026-08-30,"68.4F (8:15am, 56¢) -> 67.9F (9:45am, 48¢) -> 67.8F (10:02am, 8¢) -> 67.6F (10:15am, 9¢) -> 67.2F (10:31am, 7¢) -> 66.7F (10:45am, 8¢) -> 66.4F (11:05am, 8¢) -> 68.1F (11:15am, 44¢) -> 70.3F (11:45am, 33¢) -> 71F (12:05pm, 32¢) -> 68.2F (12:16pm, 48¢) -> 67.8F (12:30pm, 6¢) -> 69.6F (12:45pm, 55¢) -> 69.4F (1:00pm, 62¢) -> 70.5F (1:15pm, 24¢) -> 72.1F (1:35pm, 9¢) -> 69.9F (1:45pm, 77¢) -> 69.3F (2:05pm, 86¢↑) -> 69.9F (2:15pm, 93¢) -> 69.9F (2:32pm, 95¢) -> 71.9F (2:46pm, 11¢) -> 72.4F (3:01pm, 12¢) -> 69.6F (3:15pm, 72¢↑) -> 70.2F (3:33pm, 87¢) -> 69.8F (3:45pm, 71¢↑) -> 66.9F (4:02pm, 85¢↑) -> 67.2F (4:15pm, 100¢↑) -> 68.5F (4:31pm, 99¢↑) -> 67.6F (4:46pm, 99¢↑)",F,2026-08-30T15:19:05.784Z,2026-08-30T23:49:05.815Z
88,seattle,2026-08-30,"70.9F (9:46am, 47¢) -> 70.1F (10:00am, 48¢) -> 70.8F (10:16am, 44¢) -> 70.4F (10:32am, 47¢) -> 69.7F (10:46am, 32¢) -> 71.2F (11:00am, 49¢) -> 73.5F (11:16am, 12¢) -> 70.1F (11:30am, 47¢) -> 71.5F (11:46am, 47¢) -> 70.7F (12:00pm, 47¢) -> 70.2F (12:18pm, 47¢) -> 71.8F (12:31pm, 47¢) -> 69.2F (12:46pm, 29¢) -> 70.7F (1:00pm, 51¢) -> 70.2F (1:16pm, 52¢) -> 73.7F (1:30pm, 15¢) -> 69F (1:47pm, 29¢) -> 73.5F (2:00pm, 17¢) -> 71.9F (2:16pm, 20¢) -> 75.2F (2:35pm, 2¢) -> 70.8F (2:46pm, 54¢) -> 71.5F (3:02pm, 56¢) -> 72.9F (3:16pm, 30¢) -> 72.2F (3:30pm, 29¢) -> 70.1F (3:47pm, 62¢) -> 69.9F (4:00pm, 63¢) -> 69.8F (4:15pm, 29¢) -> 69.2F (4:30pm, 38¢) -> 69.2F (4:46pm, 8¢)",F,2026-08-30T16:50:06.965Z,2026-08-30T23:49:54.144Z
89,los angeles,2026-08-30,"84.3F (9:56am, 33¢) -> 84.1F (10:00am, 34¢) -> 86.6F (10:17am, 4¢) -> 89.1F (10:33am, 1¢) -> 85.7F (10:47am, 38¢) -> 84.3F (11:01am, 34¢) -> 86.4F (11:17am, 3¢) -> 83.6F (11:30am, 66¢) -> 83.3F (11:47am, 72¢) -> 83.1F (12:00pm, 83¢) -> 80.9F (12:19pm, 86¢↑) -> 80.9F (12:31pm, 91¢↑) -> 82.8F (12:47pm, 92¢) -> 83.8F (1:01pm, 92¢) -> 83.8F (1:30pm, 95¢) -> 82F (2:06pm, 97¢) -> 82.1F (2:17pm, 97¢) -> 81.8F (2:30pm, 97¢↑) -> 82.5F (2:47pm, 98¢) -> 82.7F (3:00pm, 99¢) -> 83.1F (3:17pm, 100¢) -> 82.9F (3:31pm, 99¢) -> 80.7F (3:47pm, 100¢↑) -> 81.6F (4:00pm, 98¢↑) -> 81.4F (4:17pm, 98¢↑) -> 82.7F (4:50pm, 98¢)",F,2026-08-30T16:59:43.925Z,2026-08-30T23:52:54.753Z
90,nyc,2026-08-30,"81.3F (1:02pm, 33¢) -> 81.3F (1:08pm, 35¢) -> 80.2F (1:17pm, 33¢) -> 81.9F (1:33pm, 45¢) -> 81.7F (1:47pm, 37¢) -> 79.7F (2:01pm, 42¢↑) -> 79.6F (2:30pm, 42¢↑) -> 79.5F (2:46pm, 50¢↑) -> 81.5F (3:00pm, 60¢) -> 79.6F (3:15pm, 68¢↑) -> 79.6F (3:34pm, 66¢↑) -> 79.6F (3:47pm, 66¢↑) -> 81.9F (4:00pm, 28¢) -> 82.1F (4:16pm, 26¢) -> 81.4F (4:30pm, 71¢) -> nullF (4:47pm, 78¢↑) -> 82F (5:00pm, 14¢) -> 81.7F (5:20pm, 85¢) -> 81.8F (5:34pm, 66¢) -> 81.4F (5:47pm, 65¢)",F,2026-08-30T17:06:15.781Z,2026-08-30T21:51:13.773Z
91,miami,2026-08-30,"nullF (1:07pm, 85¢↑) -> 89.6F (1:10pm, 90¢↑) -> 90.5F (1:20pm, 88¢) -> 89.6F (1:37pm, 88¢↑) -> 90F (1:50pm, 88¢) -> 89.5F (2:06pm, 90¢↑) -> nullF (2:22pm, 90¢↑) -> nullF (2:33pm, 91¢↑) -> 90F (2:50pm, 92¢) -> 90.1F (3:03pm, 96¢) -> 89.9F (3:17pm, 93¢) -> 89.8F (3:34pm, 96¢↑) -> 90F (3:50pm, 92¢) -> 88.3F (4:02pm, 97¢↑) -> 88.3F (4:18pm, 96¢↑) -> 88.5F (4:34pm, 100¢↑) -> 86.6F (4:50pm, 99¢↑) -> 86.5F (5:03pm, 100¢↑) -> nullF (5:20pm, 99¢↑) -> 86.5F (5:32pm, 100¢↑) -> 84.7F (5:49pm, 100¢↑)",F,2026-08-30T17:10:52.822Z,2026-08-30T21:52:33.795Z
92,seattle,2026-08-31,"69.7F (5:00pm, 4¢↑) -> 69.8F (5:16pm, 4¢↑) -> 69.4F (5:31pm, 4¢↑) -> 70F (5:46pm, 4¢) -> 75.1F (8:16am, 53¢) -> 73.6F (8:30am, 14¢) -> 76F (8:46am, 28¢) -> 75.1F (9:02am, 55¢) -> 72.2F (9:20am, 14¢) -> 75.7F (9:30am, 56¢) -> 73.8F (10:01am, 13¢) -> 75.1F (10:20am, 61¢) -> 74.6F (10:30am, 60¢) -> 76.5F (10:48am, 28¢) -> 74.2F (11:00am, 59¢) -> 73.9F (11:16am, 61¢) -> 74.5F (11:30am, 61¢) -> 74.5F (11:46am, 61¢) -> 75.2F (12:00pm, 61¢) -> 75.1F (12:16pm, 57¢) -> nullF (12:30pm, 1¢↑) -> 74.5F (12:30pm, 55¢) -> 74.8F (12:46pm, 55¢) -> 74.2F (1:00pm, 50¢) -> 73.8F (1:16pm, 14¢) -> 74.6F (1:30pm, 49¢) -> 73.2F (1:46pm, 6¢) -> 74.7F (2:01pm, 48¢) -> 76.1F (2:30pm, 52¢) -> 73.8F (2:46pm, 3¢) -> 75.5F (3:00pm, 44¢) -> nullF (3:18pm, 34¢↑) -> 75.4F (3:30pm, 26¢) -> 75.2F (3:46pm, 50¢) -> 75.1F (4:00pm, 97¢↑) -> 76.3F (4:16pm, 95¢) -> 76.5F (4:30pm, 95¢) -> 75.7F (4:46pm, 95¢↑)",F,2026-08-31T00:03:24.543Z,2026-08-31T23:49:55.976Z
93,los angeles,2026-08-31,"81.4F (5:03pm, 20¢) -> 81.8F (5:18pm, 14¢) -> 81.1F (5:32pm, 18¢) -> 78.8F (5:50pm, 59¢) -> 77.7F (8:17am, 24¢) -> 80.2F (8:31am, 14¢) -> 78.6F (8:46am, 56¢) -> 78.7F (9:00am, 56¢) -> 77.6F (9:15am, 25¢) -> 77.1F (9:32am, 29¢) -> 82.7F (9:46am, 4¢) -> 79F (10:00am, 41¢) -> 77.4F (10:48am, 51¢) -> 77.7F (10:53am, 51¢) -> 77.1F (11:00am, 51¢) -> 78.4F (11:17am, 50¢) -> 78.2F (11:30am, 43¢) -> 78F (11:47am, 50¢) -> 77.9F (12:00pm, 81¢) -> 78.8F (12:16pm, 85¢) -> 79.2F (12:30pm, 86¢) -> 79.2F (12:46pm, 95¢) -> 77.5F (1:00pm, 50¢) -> 77.5F (1:17pm, 95¢↑) -> 77.4F (1:30pm, 95¢↑) -> 77.4F (1:46pm, 96¢↑) -> 78.9F (2:00pm, 97¢) -> 79.1F (2:17pm, 99¢) -> 79.3F (2:33pm, 99¢) -> 77.9F (2:53pm, 99¢) -> 79.9F (3:19pm, 1¢) -> 80.4F (3:21pm, 1¢) -> 78.6F (3:35pm, 99¢) -> 78.8F (3:47pm, 99¢) -> 79F (4:00pm, 99¢) -> 77.8F (4:17pm, 99¢↑) -> 78F (4:31pm, 99¢) -> 78.3F (4:50pm, 98¢)",F,2026-08-31T00:07:04.450Z,2026-08-31T23:53:05.386Z
94,san francisco,2026-08-31,"67.9F (5:05pm, 22¢) -> 66.2F (5:15pm, 46¢) -> 67F (5:35pm, 46¢) -> 67.5F (5:45pm, 46¢) -> 64.9F (8:15am, 35¢) -> 66.7F (8:34am, 49¢) -> 66.3F (9:01am, 41¢) -> 66F (9:20am, 44¢) -> 64.7F (9:31am, 42¢) -> 64.4F (9:45am, 42¢) -> 64.2F (10:01am, 42¢) -> 64F (10:15am, 41¢) -> 63.7F (10:33am, 5¢) -> 63.5F (10:47am, 12¢) -> 65.3F (11:03am, 46¢) -> 66.1F (11:15am, 35¢) -> 64.8F (11:33am, 46¢) -> 64.3F (11:45am, 46¢) -> 64.1F (12:03pm, 48¢) -> 63.8F (12:15pm, 13¢) -> 63.2F (12:33pm, 12¢) -> 65.6F (12:45pm, 55¢) -> 64.9F (1:03pm, 69¢) -> 64.7F (1:15pm, 68¢) -> 64.5F (1:33pm, 75¢) -> 64.3F (1:45pm, 72¢) -> 64.1F (2:01pm, 74¢) -> 64.1F (2:15pm, 82¢) -> 64.2F (2:33pm, 68¢) -> 64.8F (2:45pm, 72¢) -> 66.8F (3:01pm, 97¢) -> 66.3F (3:17pm, 97¢) -> 64.3F (3:31pm, 95¢↑) -> 66.7F (3:45pm, 95¢) -> 66.8F (4:02pm, 96¢) -> 64.4F (4:15pm, 96¢↑) -> 65.4F (4:31pm, 96¢↑) -> 67.3F (4:45pm, 96¢)",F,2026-08-31T00:08:54.512Z,2026-08-31T23:49:07.006Z
95,shenzhen,2026-08-31,"31.4C (10:00am, 11¢)",C,2026-08-31T02:55:56.602Z,2026-08-31T02:55:56.772Z
96,shanghai,2026-08-31,"33.4C (10:30am, 65¢)",C,2026-08-31T02:56:13.022Z,2026-08-31T02:56:13.120Z
97,munich,2026-08-31,"25.5C (8:20am, 73¢) -> 25.8C (8:50am, 6¢) -> 25.1C (9:20am, 73¢) -> 25.3C (9:50am, 73¢) -> 23.6C (10:20am, 6¢) -> 24C (10:50am, 17¢) -> 24.5C (11:20am, 17¢) -> 24C (11:50am, 17¢) -> 24.5C (12:20pm, 17¢) -> 24.1C (12:50pm, 23¢) -> 24.8C (1:20pm, 75¢) -> 24.5C (1:50pm, 4¢) -> 24.3C (2:20pm, 6¢) -> 25.2C (2:50pm, 88¢) -> 24.1C (3:20pm, 90¢↑) -> 25.2C (3:50pm, 98¢) -> 25.3C (4:20pm, 94¢) -> 25.4C (4:50pm, 90¢) -> 25.7C (5:20pm, 96¢) -> 25.1C (5:50pm, 99¢)",C,2026-08-31T06:24:46.469Z,2026-08-31T15:55:54.699Z
98,amsterdam,2026-08-31,"19.2C (8:25am, 62¢) -> 19.1C (8:55am, 61¢) -> 18.9C (9:25am, 61¢) -> 19.7C (9:55am, 61¢) -> 18.6C (10:25am, 11¢) -> 19.6C (10:55am, 61¢) -> 20.4C (11:25am, 22¢) -> 16.5C (11:55am, 2¢↑) -> 17.5C (12:25pm, 7¢) -> 19.5C (12:55pm, 53¢) -> 20C (1:25pm, 52¢) -> 18.8C (1:55pm, 31¢) -> 20.8C (2:25pm, 13¢) -> 20.7C (2:55pm, 87¢) -> 19.6C (3:25pm, 92¢↑) -> 20.5C (3:55pm, 90¢) -> 20.4C (4:25pm, 87¢) -> 20.2C (4:55pm, 88¢) -> 19.5C (5:55pm, 99¢↑)",C,2026-08-31T06:28:44.640Z,2026-08-31T15:59:17.319Z
99,paris,2026-08-31,"nullC (8:30am, 21¢↑) -> 22.3C (9:00am, 25¢) -> 22.9C (9:30am, 47¢) -> 22.6C (10:00am, 25¢) -> 23.3C (10:30am, 47¢) -> 22.9C (11:00am, 47¢) -> 23.7C (11:30am, 47¢) -> 24.4C (12:00pm, 30¢) -> 24.1C (12:30pm, 30¢) -> 22.9C (1:00pm, 38¢) -> 23C (1:30pm, 52¢) -> 22.5C (2:00pm, 5¢) -> 23.5C (2:30pm, 39¢) -> 23.4C (3:00pm, 60¢) -> 18.5C (3:30pm, 86¢↑) -> 21.9C (4:00pm, 86¢↑) -> 22.8C (4:30pm, 79¢) -> 21.5C (5:00pm, 92¢↑)",C,2026-08-31T06:33:13.530Z,2026-08-31T15:04:27.196Z
100,madrid,2026-08-31,"32C (8:30am, 25¢↑) -> 32.7C (9:00am, 25¢↑) -> 32.4C (9:30am, 25¢↑) -> 32.9C (10:00am, 25¢) -> 33.4C (10:30am, 25¢) -> 34C (11:00am, 70¢) -> 34.7C (11:30am, 70¢) -> 34.3C (12:00pm, 70¢) -> 33.2C (12:30pm, 25¢) -> 34.1C (1:00pm, 75¢) -> 33.3F (1:30pm, 22¢) -> 33.3C (1:30pm, 22¢) -> 33.5F (2:00pm, 22¢) -> 32.9F (2:30pm, 19¢) -> 32.9C (2:30pm, 19¢) -> 33.3C (3:00pm, 21¢) -> 32.9C (3:30pm, 22¢) -> 32.5C (4:00pm, 1¢) -> 33.3F (4:30pm, 25¢) -> 33.1F (5:00pm, 23¢)",F,2026-08-31T06:36:54.034Z,2026-08-31T15:07:04.619Z
101,milan,2026-08-31,"31.9C (8:20am, 13¢) -> 31.7F (8:50am, 77¢) -> 31.4C (9:20am, 77¢) -> 31.2C (4:50pm, 26¢) -> 31.7F (5:50pm, 47¢) -> 31.7C (5:50pm, 47¢)",C,2026-08-31T07:14:46.342Z,2026-08-31T15:58:46.192Z
102,london,2026-08-31,"22.2C (8:20am, 40¢) -> 21.7C (8:50am, 11¢) -> 23.1C (9:20am, 45¢) -> 22.6C (9:50am, 40¢) -> 23.1C (10:20am, 45¢) -> 22.5C (10:50am, 40¢) -> 22C (11:20am, 40¢) -> 22.3C (11:50am, 37¢) -> 22.7C (12:20pm, 27¢) -> 23.4C (12:50pm, 52¢) -> 23C (1:20pm, 68¢) -> 22.5C (1:50pm, 20¢) -> 24.6C (2:20pm, 11¢) -> 22.8C (2:50pm, 87¢↑) -> 24.6C (3:20pm, 97¢) -> 22.3C (3:50pm, 98¢↑) -> 19.3C (4:20pm, 100¢↑) -> 20.5C (4:50pm, 100¢↑) -> 20.6C (5:20pm, 100¢↑) -> 22C (5:50pm, 100¢↑)",C,2026-08-31T07:26:43.714Z,2026-08-31T16:55:19.321Z
103,atlanta,2026-08-31,"94.6F (8:16am, 38¢) -> 95.5F (8:30am, 38¢) -> 94.7F (8:46am, 38¢) -> 94.6F (9:02am, 38¢) -> 94.8F (9:15am, 39¢) -> 94.7F (9:30am, 39¢) -> 93.8F (9:46am, 58¢) -> 93.3F (10:03am, 45¢) -> 93.6F (10:15am, 46¢) -> 92.7F (10:33am, 46¢) -> 92F (10:46am, 46¢) -> 95.1F (11:03am, 48¢) -> 93.3F (11:21am, 42¢) -> 95.3F (11:32am, 46¢) -> 94F (11:48am, 49¢) -> 90.2F (12:00pm, 4¢) -> 93.4F (12:24pm, 48¢) -> 92F (12:33pm, 47¢) -> 93.3F (12:48pm, 50¢) -> 93.7F (1:00pm, 51¢) -> 92.4F (1:16pm, 52¢) -> 90.9F (1:30pm, 5¢) -> 93.4F (1:46pm, 57¢) -> 90.8F (2:01pm, 5¢) -> 92.5F (2:17pm, 59¢) -> 92.3F (2:31pm, 60¢) -> 92F (2:48pm, 50¢) -> 89.8F (3:01pm, 50¢↑) -> 91.6F (3:17pm, 50¢↑) -> 91.6F (3:32pm, 56¢↑) -> 93.8F (4:02pm, 60¢) -> 91.2F (4:18pm, 56¢↑) -> 94.2F (4:32pm, 45¢) -> 93.2F (4:48pm, 66¢) -> 91.2F (5:03pm, 70¢↑) -> 91.5F (5:17pm, 94¢↑) -> 95F (5:48pm, 12¢)",F,2026-08-31T12:19:08.380Z,2026-08-31T21:51:38.052Z
104,miami,2026-08-31,"88.2F (8:16am, 11¢) -> 87.8F (8:31am, 2¢) -> 87.1F (8:46am, 2¢) -> 88.3F (9:05am, 9¢) -> 87.9F (9:17am, 8¢) -> 87.4F (9:31am, 2¢) -> 86.5F (9:46am, 3¢) -> 90.1F (10:00am, 64¢) -> 89.5F (10:16am, 13¢) -> 89F (10:35am, 13¢) -> 88.9F (10:46am, 13¢) -> 91.8F (11:01am, 72¢) -> 91.2F (11:20am, 69¢) -> 90.9F (11:32am, 70¢) -> 90.4F (11:49am, 70¢) -> 90F (12:01pm, 72¢) -> 84.9F (12:19pm, 83¢↑) -> 84.9F (12:30pm, 74¢↑) -> 80.8F (12:49pm, 87¢↑) -> 80.5F (1:00pm, 98¢↑) -> 81.6F (1:16pm, 99¢↑) -> 80.5F (1:31pm, 99¢↑) -> 84.6F (1:46pm, 98¢↑) -> 85.1F (2:05pm, 97¢↑) -> 85.5F (2:19pm, 99¢↑) -> 90.5F (2:32pm, 97¢) -> 90.3F (2:51pm, 86¢) -> 88.2F (3:01pm, 96¢↑) -> 88.2F (3:18pm, 94¢↑) -> 89.1F (3:34pm, 96¢↑) -> 89.2F (3:49pm, 97¢↑) -> 88.1F (4:03pm, 75¢↑) -> 88.6F (4:19pm, 98¢↑) -> 89.1F (4:33pm, 99¢↑) -> 89.5F (4:48pm, 99¢↑) -> 90.1F (5:00pm, 100¢) -> 92.2F (5:22pm, 1¢) -> 90.8F (5:31pm, 99¢) -> 87.5F (5:48pm, 100¢↑)",F,2026-08-31T12:19:54.019Z,2026-08-31T21:52:05.258Z
105,nyc,2026-08-31,"77.3F (8:17am, 25¢) -> 77F (8:33am, 25¢) -> 76.7F (8:49am, 26¢) -> 76.4F (9:04am, 30¢) -> 76.2F (9:17am, 30¢) -> 75.4F (9:35am, 6¢) -> 75.4F (9:47am, 7¢) -> 75.1F (10:05am, 6¢) -> 74.3F (10:18am, 8¢) -> 74.8F (10:37am, 10¢) -> 77.2F (10:47am, 38¢) -> 76.5F (11:01am, 37¢) -> 76.3F (11:17am, 35¢) -> 76.1F (11:33am, 37¢) -> 75.8F (11:46am, 9¢) -> 77.5F (12:02pm, 43¢) -> 75.4F (12:15pm, 15¢) -> 77.2F (12:32pm, 44¢) -> 78F (12:51pm, 47¢) -> 78.9F (1:01pm, 54¢) -> 78.8F (1:15pm, 67¢) -> 78.8F (1:33pm, 74¢) -> 78.7F (1:48pm, 63¢) -> 78.5F (2:03pm, 43¢) -> 80F (2:16pm, 12¢) -> 78.5F (2:30pm, 57¢) -> 78.5F (2:46pm, 49¢) -> 78.5F (3:03pm, 50¢) -> 78.4F (3:16pm, 12¢) -> 76.1F (3:30pm, 83¢) -> 76.1F (4:00pm, 50¢) -> nullF (4:17pm, 90¢↑) -> 77.2F (4:30pm, 95¢) -> 76.7F (4:46pm, 96¢) -> 76.3F (5:01pm, 99¢) -> 77.5F (5:16pm, 98¢) -> 77.7F (5:34pm, 98¢) -> 78.2F (5:46pm, 2¢)",F,2026-08-31T12:21:10.967Z,2026-08-31T21:50:28.264Z
106,seattle,2026-09-01,"76.9F (5:00pm, 2¢) -> 76.8F (5:16pm, 2¢) -> 76.6F (5:30pm, 2¢) -> 75.4F (5:46pm, 7¢) -> 71.4F (8:16am, 54¢) -> 70F (8:30am, 54¢) -> 71.4F (8:46am, 57¢) -> 71F (9:00am, 57¢) -> 71.3F (9:19am, 57¢) -> 70.2F (9:30am, 57¢) -> 70F (9:45am, 64¢) -> 70.9F (10:04am, 66¢) -> 70.4F (10:16am, 67¢) -> 71.8F (10:30am, 67¢) -> 68.9F (10:45am, 9¢) -> 70.2F (11:00am, 64¢) -> 69.5F (11:15am, 13¢) -> 69F (11:30am, 12¢) -> 68.2F (11:46am, 12¢) -> 70.5F (12:00pm, 65¢) -> 69.3F (12:17pm, 19¢) -> 68.8F (12:30pm, 18¢) -> 68.7F (12:45pm, 14¢) -> 66.4F (1:04pm, 2¢) -> 66.2F (1:15pm, 4¢) -> 66.9F (1:30pm, 4¢) -> 66.8F (1:46pm, 13¢) -> 66.7F (2:00pm, 10¢) -> 65.5F (2:20pm, 35¢↑) -> 67.4F (2:30pm, 27¢) -> 65.2F (2:45pm, 24¢↑) -> 65F (3:00pm, 35¢↑) -> 64.6F (3:17pm, 76¢↑) -> 66.7F (3:30pm, 67¢) -> 64.5F (3:46pm, 81¢↑) -> 64.3F (4:03pm, 81¢↑) -> 64.5F (4:16pm, 81¢↑) -> 64.5F (4:32pm, 81¢↑) -> 65.3F (4:46pm, 93¢↑)",F,2026-09-01T00:03:06.669Z,2026-09-01T23:49:54.758Z
107,los angeles,2026-09-01,"78.5F (5:00pm, 10¢) -> 78.9F (5:17pm, 10¢) -> 76.8F (5:35pm, 55¢) -> 76.8F (5:47pm, 55¢) -> 76.5F (8:20am, 27¢) -> 75.2F (8:44am, 53¢) -> 75.1F (8:46am, 53¢) -> 74.6F (9:00am, 50¢) -> 76.6F (9:15am, 33¢) -> 76.5F (9:30am, 35¢) -> 75.5F (9:47am, 51¢) -> 77.5F (10:00am, 40¢) -> 74.1F (10:17am, 56¢) -> 76.2F (10:30am, 33¢) -> 75.1F (10:52am, 70¢) -> 75.4F (11:00am, 73¢) -> 74.6F (11:17am, 68¢) -> 74.8F (11:31am, 70¢) -> 75F (11:47am, 66¢) -> 73.9F (12:00pm, 70¢) -> 75.8F (12:17pm, 68¢) -> 76.2F (12:31pm, 26¢) -> 75.5F (12:53pm, 65¢) -> 75F (1:00pm, 70¢) -> 75.5F (1:21pm, 77¢) -> 75.9F (1:30pm, 28¢) -> 75.9F (1:47pm, 30¢) -> 75.9F (2:00pm, 5¢) -> 75.4F (2:16pm, 80¢) -> 75.5F (2:31pm, 88¢) -> 75.5F (2:47pm, 72¢) -> 75.6F (3:02pm, 93¢) -> 76.2F (3:16pm, 22¢) -> 76.3F (3:31pm, 5¢) -> 74.8F (3:47pm, 93¢) -> 74.4F (4:04pm, 93¢) -> 74.5F (4:20pm, 93¢) -> 74F (4:30pm, 93¢) -> 74.6F (4:47pm, 98¢)",F,2026-09-01T00:03:55.964Z,2026-09-01T23:50:36.071Z
108,san francisco,2026-09-01,"64.9F (5:02pm, 6¢) -> 65.6F (5:15pm, 6¢) -> 65.8F (5:33pm, 6¢) -> 65.9F (5:45pm, 12¢) -> 69.3F (8:15am, 53¢) -> 71F (8:30am, 30¢) -> 70.1F (8:45am, 27¢) -> 70.5F (9:03am, 28¢) -> 69.3F (9:18am, 53¢) -> 68.8F (9:33am, 54¢) -> 68.5F (9:46am, 54¢) -> 68.2F (10:03am, 53¢) -> 68F (10:15am, 53¢) -> 69.7F (10:33am, 52¢) -> 69.9F (10:46am, 32¢) -> 69.7F (11:05am, 54¢) -> 69.2F (11:15am, 54¢) -> 71F (11:30am, 37¢) -> 71.3F (11:45am, 47¢) -> 70.7F (12:03pm, 60¢) -> 69.8F (12:15pm, 77¢↑) -> 69.6F (12:30pm, 78¢↑) -> 69.5F (12:45pm, 84¢↑) -> 70.8F (1:03pm, 83¢) -> 70.1F (1:15pm, 82¢) -> 69.7F (1:35pm, 91¢↑) -> 69.5F (1:45pm, 90¢↑) -> 68.3F (2:04pm, 83¢↑) -> 71.7F (2:21pm, 91¢) -> 69.2F (2:30pm, 92¢↑) -> 69.1F (2:45pm, 91¢↑) -> 70F (3:01pm, 91¢) -> 69.1F (3:16pm, 95¢↑) -> 69.6F (3:32pm, 96¢↑) -> 69.7F (3:45pm, 96¢↑) -> 71.7F (4:00pm, 96¢) -> 69.4F (4:15pm, 96¢↑) -> 69.6F (4:32pm, 96¢↑) -> 70.1F (4:45pm, 96¢)",F,2026-09-01T00:05:09.888Z,2026-09-01T23:49:06.241Z
109,hong kong,2026-09-01,"29.2C (8:40am, 47¢) -> 29.1C (8:50am, 47¢) -> 29.1C (9:00am, 36¢) -> 29C (9:10am, 20¢) -> 28.9C (9:20am, 25¢) -> 29.9C (9:30am, 4¢) -> 29.9C (9:40am, 3¢) -> 29.7C (9:50am, 36¢) -> 29.8C (10:00am, 2¢) -> 29.7C (10:10am, 32¢) -> 29.7C (10:20am, 21¢) -> 29.6C (10:30am, 16¢) -> 29.6C (10:40am, 16¢) -> 29.5C (10:50am, 16¢) -> 29.4C (11:00am, 16¢) -> 29.4C (11:10am, 13¢) -> 29.4C (11:20am, 12¢) -> 28.4C (11:30am, 88¢) -> 28.4C (11:40am, 90¢) -> 28.4C (11:50am, 91¢) -> 28.4C (12:00pm, 90¢) -> 28.3C (12:10pm, 91¢) -> 28.2C (12:20pm, 89¢) -> 28.1C (12:30pm, 89¢) -> 28.1C (12:40pm, 92¢) -> 28C (12:50pm, 91¢) -> 28C (1:00pm, 91¢) -> 27.8C (1:10pm, 92¢) -> 27.8C (1:20pm, 92¢) -> 27.7C (1:30pm, 93¢↑) -> 27.6C (1:40pm, 97¢↑) -> 27.6C (1:50pm, 98¢↑) -> 27.5C (2:00pm, 98¢↑) -> 27.4C (2:10pm, 98¢↑) -> 27.4C (2:20pm, 96¢↑) -> 28.3C (2:30pm, 82¢) -> 28.3C (2:40pm, 92¢) -> 28.3C (2:50pm, 94¢) -> 28.3C (3:00pm, 93¢) -> 28.3C (3:10pm, 91¢) -> 28.3C (3:20pm, 95¢) -> 28.3C (3:30pm, 89¢) -> 28.5C (3:40pm, 93¢) -> 28.5C (3:50pm, 93¢) -> 28.7C (4:00pm, 90¢) -> 28.7C (4:10pm, 97¢) -> 28.7C (4:20pm, 97¢) -> 28.6C (4:30pm, 95¢) -> 28.6C (4:40pm, 98¢) -> 28.5C (4:50pm, 99¢) -> 28.6C (5:00pm, 100¢) -> 28.7C (5:10pm, 99¢) -> 29.7C (5:20pm, 1¢) -> 29.8C (5:30pm, 0¢) -> 29.9C (5:40pm, 0¢)",C,2026-09-01T00:55:44.236Z,2026-09-01T09:50:54.445Z
110,beijing,2026-09-01,"31.5C (8:30am, 24¢) -> 30.4C (9:00am, 46¢) -> 30.4C (9:30am, 57¢) -> 30.6C (10:00am, 49¢) -> 29.9C (10:30am, 53¢) -> 30.3C (11:00am, 54¢) -> 29.8C (11:30am, 55¢) -> 30.4C (12:00pm, 58¢) -> 30C (12:30pm, 51¢) -> 30.7C (1:00pm, 44¢) -> 30.4C (1:30pm, 63¢) -> 30.4F (1:30pm, 63¢) -> 30.2C (2:00pm, 44¢) -> 30.1C (2:30pm, 66¢) -> 30F (3:00pm, 89¢) -> 30.1C (3:30pm, 77¢) -> 30.1F (3:30pm, 77¢) -> 30.2C (4:00pm, 93¢) -> 30.4C (4:30pm, 95¢) -> 29.6C (5:00pm, 100¢↑) -> 30.3C (5:30pm, 100¢)",C,2026-09-01T00:56:02.808Z,2026-09-01T09:35:54.201Z
111,shanghai,2026-09-01,"29.3C (8:30am, 2¢) -> 30C (9:00am, 24¢) -> 29.7C (9:30am, 8¢) -> 28.6C (10:00am, 11¢↑) -> 29.4C (10:30am, 13¢) -> 29.2C (11:00am, 16¢) -> 29.2C (11:30am, 23¢) -> 29.2C (12:00pm, 67¢) -> 29.2C (12:30pm, 50¢) -> 29.4C (1:00pm, 35¢) -> 29.4C (1:30pm, 42¢) -> 30.6F (2:00pm, 94¢) -> 29.6F (2:30pm, 99¢↑) -> 29.8C (3:00pm, 99¢) -> 30C (3:30pm, 99¢) -> 30.2C (4:00pm, 99¢) -> 29.5F (4:30pm, 99¢↑) -> 29.7C (5:00pm, 100¢↑) -> 29.9C (5:30pm, 100¢)",C,2026-09-01T00:56:23.645Z,2026-09-01T09:36:24.407Z
112,tokyo,2026-09-01,"29.3C (9:30am, 46¢) -> 28.9C (10:00am, 46¢) -> 29.4C (10:30am, 43¢) -> 29C (11:00am, 46¢) -> 28.6C (11:30am, 33¢) -> 28.1C (12:00pm, 73¢) -> 27.8C (12:30pm, 55¢) -> 28.4C (1:00pm, 78¢) -> 28.2C (1:30pm, 76¢) -> 28.1C (2:00pm, 80¢) -> 28.1C (2:30pm, 88¢) -> 28.1C (3:00pm, 88¢) -> 27.3C (3:30pm, 99¢↑) -> 27.5C (4:00pm, 99¢↑) -> 27.7C (4:30pm, 100¢↑) -> 27.9C (5:00pm, 100¢) -> 27.1C (5:30pm, 100¢↑) -> 30.9C (8:30am, 0¢)",C,2026-09-01T00:56:44.419Z,2026-09-01T23:40:55.007Z
113,seoul,2026-09-01,"23.6C (9:30am, 7¢↑) -> 24.5C (10:00am, 7¢) -> 23.4C (10:30am, 10¢↑) -> 24.5C (11:00am, 10¢) -> 24.3C (11:30am, 17¢) -> 25.1C (12:00pm, 45¢) -> 24.9C (12:30pm, 64¢) -> 24.7C (1:00pm, 9¢) -> 24.6C (1:30pm, 22¢) -> 24.4C (2:00pm, 13¢) -> 25.3C (2:30pm, 78¢) -> 24.2C (3:00pm, 94¢↑) -> 24.5C (3:30pm, 97¢↑) -> 24.5C (4:00pm, 98¢↑) -> 24.6C (4:30pm, 96¢↑) -> 24.7C (5:00pm, 79¢↑) -> 24.7C (5:30pm, 99¢↑) -> 27.5C (8:30am, 0¢)",C,2026-09-01T00:57:03.481Z,2026-09-01T23:36:24.015Z
114,singapore,2026-09-01,"31.9C (8:30am, 40¢) -> 32.2C (9:00am, 40¢) -> 32.1F (9:30am, 41¢) -> 31.9C (10:00am, 42¢) -> 32.7F (10:30am, 46¢) -> nullF (11:00am, 9¢↑) -> 32.2C (11:30am, 50¢) -> 33.3F (12:00pm, 54¢) -> 32.9F (12:30pm, 43¢) -> 32.5F (1:00pm, 51¢) -> 32.4F (1:30pm, 51¢) -> 31.3C (2:00pm, 60¢↑) -> 31.3C (2:30pm, 70¢↑) -> 32.4F (3:00pm, 64¢) -> 32.4C (3:30pm, 56¢) -> 32.6F (4:00pm, 66¢) -> nullF (4:30pm, 86¢↑) -> 31.8C (5:00pm, 99¢) -> 32.1C (5:30pm, 100¢)",C,2026-09-01T00:57:24.156Z,2026-09-01T09:31:43.479Z
115,shenzhen,2026-09-01,"28.5C (9:00am, 17¢) -> 29.4C (10:00am, 31¢) -> 30C (11:00am, 36¢) -> 28.4C (12:00pm, 90¢) -> 29.8C (1:00pm, 21¢) -> 29.2C (2:00pm, 98¢) -> 30.2C (3:00pm, 86¢) -> 31.6C (4:00pm, 80¢) -> 29.8C (5:00pm, 99¢↑)",C,2026-09-01T01:11:03.392Z,2026-09-01T09:11:53.731Z
116,munich,2026-09-01,"24.9C (8:20am, 5¢) -> 23.8C (8:50am, 69¢) -> 24.8C (9:20am, 7¢) -> 24.8C (9:50am, 7¢) -> 23.9C (10:20am, 74¢) -> 23.1C (10:50am, 13¢) -> 23.5C (11:20am, 11¢) -> 23.9C (11:50am, 74¢) -> 22.5C (12:20pm, 2¢) -> 23.1C (12:50pm, 8¢) -> 22.8C (1:20pm, 9¢) -> 23.4C (1:50pm, 13¢) -> 23.2C (2:20pm, 8¢) -> 23C (2:50pm, 7¢) -> 24.2C (4:20pm, 98¢) -> 23.2C (4:50pm, 95¢↑) -> 23.4C (5:20pm, 100¢↑) -> 23.7C (5:50pm, 100¢↑)",C,2026-09-01T06:24:54.241Z,2026-09-01T15:54:48.443Z
117,milan,2026-09-01,"29.1C (8:20am, 42¢) -> 29C (8:50am, 39¢) -> 29.1C (9:20am, 49¢) -> 29.3C (9:50am, 56¢) -> 28.7C (10:20am, 6¢) -> 29.7C (10:50am, 57¢) -> 29.2C (11:50am, 63¢) -> 30.1C (12:50pm, 16¢) -> 29.6C (1:20pm, 64¢) -> 28.6C (1:50pm, 3¢) -> 28.9C (2:50pm, 60¢) -> 29.5C (4:20pm, 52¢) -> 29.4C (4:50pm, 62¢) -> 29.5C (5:20pm, 85¢) -> 28.6C (5:50pm, 75¢↑)",C,2026-09-01T06:26:53.520Z,2026-09-01T15:56:55.552Z
118,amsterdam,2026-09-01,"20.1C (8:25am, 62¢) -> 20.6C (8:55am, 62¢) -> 20.2C (9:25am, 55¢) -> 20.8C (9:55am, 38¢) -> 19.5C (10:25am, 4¢) -> 20.2C (10:55am, 48¢) -> 19.9C (11:25am, 54¢) -> 19.7C (11:55am, 4¢) -> 19.5C (12:25pm, 3¢) -> 20.3C (12:55pm, 46¢) -> 20.2C (1:25pm, 50¢) -> 20.1C (1:55pm, 45¢) -> 20.1C (2:25pm, 45¢) -> 20C (2:55pm, 42¢) -> 20.3C (4:55pm, 98¢) -> 19.5C (5:25pm, 98¢↑) -> 20.7C (5:55pm, 100¢)",C,2026-09-01T06:28:43.518Z,2026-09-01T15:58:35.606Z
119,paris,2026-09-01,"23.2C (8:30am, 48¢) -> 22.7C (9:00am, 5¢) -> 23.6C (9:30am, 52¢) -> 24.2C (10:00am, 49¢) -> 24.5C (10:30am, 54¢) -> 23.7C (11:00am, 31¢) -> 24.1C (11:30am, 59¢) -> 23.5C (12:00pm, 25¢) -> 22.9C (12:30pm, 31¢) -> 24.4C (1:00pm, 60¢) -> 24C (1:30pm, 62¢) -> 24.3C (2:00pm, 68¢) -> 24.1C (2:30pm, 70¢) -> 24.7C (3:00pm, 74¢) -> nullC (4:30pm, 90¢↑) -> 24C (5:00pm, 78¢) -> 25.1C (5:30pm, 14¢)",C,2026-09-01T06:34:43.516Z,2026-09-01T15:35:26.748Z
120,madrid,2026-09-01,"33.7C (8:30am, 28¢↑) -> 33.8C (9:00am, 33¢↑) -> 34.4C (9:30am, 35¢) -> 35.1C (10:00am, 67¢) -> 35C (10:30am, 62¢) -> 34.8C (11:00am, 42¢) -> 34.6C (11:30am, 44¢) -> 33.4C (12:00pm, 48¢↑) -> 33.2C (12:30pm, 1¢) -> 34.1C (1:00pm, 67¢) -> 34.1C (1:30pm, 65¢) -> 34.1C (2:00pm, 76¢) -> 34.3C (2:30pm, 69¢) -> 33.6C (3:00pm, 64¢↑) -> 33.4C (4:30pm, 1¢) -> 34.1C (5:00pm, 78¢) -> 34.1C (5:30pm, 50¢)",C,2026-09-01T06:37:05.189Z,2026-09-01T15:36:44.887Z
121,london,2026-09-01,"22.2C (8:20am, 29¢) -> 22.5C (8:50am, 31¢) -> 21.8C (9:20am, 40¢) -> 22.1C (9:50am, 43¢) -> 22.4C (10:20am, 40¢) -> 22.8C (10:50am, 50¢) -> 22.1C (11:20am, 38¢) -> 22.5C (11:50am, 40¢) -> 22.7C (12:20pm, 41¢) -> 22.1C (12:50pm, 22¢) -> 22.7C (1:20pm, 21¢) -> 21.4C (1:50pm, 21¢↑) -> 21.2C (3:20pm, 43¢↑) -> 22.2C (3:50pm, 60¢) -> 22.3C (4:20pm, 56¢) -> 22.2C (4:50pm, 68¢) -> 23.5C (5:20pm, 3¢) -> 22.7C (5:50pm, 98¢↑)",C,2026-09-01T07:26:45.075Z,2026-09-01T16:56:55.322Z
122,atlanta,2026-09-01,"99F (8:16am, 3¢) -> 98.1F (8:32am, 3¢) -> 97.9F (8:45am, 2¢) -> 96.3F (9:00am, 42¢) -> 96.6F (10:31am, 43¢) -> 95.7F (10:45am, 56¢) -> 95.8F (11:00am, 55¢) -> 94.9F (11:23am, 64¢) -> 93.5F (11:32am, 3¢) -> 93.8F (11:48am, 3¢) -> 92.2F (12:01pm, 3¢) -> 93.7F (12:15pm, 3¢) -> 93.2F (12:30pm, 3¢) -> 94.5F (12:48pm, 61¢) -> 93.1F (1:01pm, 3¢) -> 91.6F (1:19pm, 3¢↑) -> 94.2F (1:33pm, 55¢) -> 92.6F (1:55pm, 2¢) -> 93.3F (2:02pm, 3¢) -> 93.1F (2:21pm, 4¢) -> 91.9F (2:32pm, 3¢) -> 93.7F (2:49pm, 5¢) -> 91.5F (3:01pm, 5¢↑) -> 91.4F (3:18pm, 11¢↑) -> 92.3F (3:34pm, 12¢) -> 91.2F (3:49pm, 20¢↑) -> 92.2F (4:05pm, 65¢) -> 93.3F (4:18pm, 63¢) -> 91.3F (4:32pm, 70¢↑) -> 91.4F (4:49pm, 82¢↑) -> 91.7F (5:02pm, 94¢↑) -> 92.2F (5:17pm, 96¢) -> 94.3F (5:33pm, 0¢) -> 94.9F (5:48pm, 8¢)",F,2026-09-01T12:18:55.943Z,2026-09-01T21:52:35.666Z
123,miami,2026-09-01,"86F (8:16am, 5¢) -> 85.6F (8:30am, 1¢) -> 85.2F (8:46am, 3¢↑) -> 84.3F (9:00am, 3¢↑) -> 88.2F (10:30am, 31¢) -> 87.9F (10:46am, 45¢) -> 89.3F (11:01am, 47¢) -> 88.5F (11:24am, 48¢) -> 87.5F (11:33am, 12¢) -> 86F (11:48am, 19¢) -> 85.6F (12:01pm, 25¢↑) -> 87.5F (12:16pm, 40¢) -> 89.5F (12:30pm, 53¢) -> 90.9F (12:49pm, 21¢) -> 88.9F (1:01pm, 58¢) -> 88.8F (1:19pm, 50¢) -> 88.7F (1:35pm, 66¢) -> 90.1F (1:50pm, 25¢) -> 88.1F (2:03pm, 80¢) -> 88.9F (2:20pm, 74¢) -> 90.2F (2:33pm, 13¢) -> 89.7F (2:49pm, 84¢) -> 82.8F (3:02pm, 93¢↑) -> 85F (3:20pm, 98¢↑) -> 87.2F (3:33pm, 99¢↑) -> 87.1F (3:50pm, 98¢↑) -> 88.6F (4:02pm, 90¢) -> 89.1F (4:19pm, 94¢) -> 89.7F (4:33pm, 93¢) -> 89.7F (4:50pm, 95¢) -> 90.1F (5:06pm, 2¢) -> 90F (5:18pm, 1¢) -> 91.1F (5:36pm, 3¢) -> 91.4F (5:50pm, 2¢)",F,2026-09-01T12:19:24.766Z,2026-09-01T21:53:24.928Z
124,nyc,2026-09-01,"84.8F (8:16am, 30¢) -> 84F (8:30am, 33¢) -> 83.3F (8:47am, 26¢) -> nullF (9:03am, 1¢↑) -> 81.9F (10:17am, 25¢) -> 81.2F (10:33am, 20¢) -> 81.2F (10:47am, 22¢) -> 81.1F (11:01am, 25¢) -> 79.7F (11:19am, 31¢) -> 80.3F (11:30am, 23¢) -> 79.3F (11:46am, 26¢) -> 79F (12:03pm, 22¢) -> 79.2F (12:15pm, 25¢) -> 81F (12:30pm, 35¢) -> 80.9F (12:49pm, 42¢) -> 80.7F (1:04pm, 34¢) -> 80.6F (1:17pm, 40¢) -> 80F (1:30pm, 48¢) -> 80.4F (1:51pm, 38¢) -> 81.1F (2:00pm, 39¢) -> nullF (2:17pm, 26¢↑) -> 79.8F (2:17pm, 26¢) -> 79.8F (2:30pm, 20¢) -> 79.6F (2:47pm, 16¢) -> 81.2F (3:00pm, 66¢) -> 81.1F (3:17pm, 73¢) -> 78.9F (3:31pm, 83¢↑) -> 80.8F (3:47pm, 82¢) -> 79.8F (4:07pm, 89¢↑) -> 80.9F (4:17pm, 94¢) -> 79F (4:30pm, 87¢↑) -> 80.7F (4:51pm, 92¢) -> 79.3F (5:00pm, 98¢↑) -> 78.7F (5:15pm, 98¢↑) -> 79.9F (5:35pm, 93¢) -> nullF (5:47pm, 99¢↑)",F,2026-09-01T12:21:03.476Z,2026-09-01T21:51:14.879Z
125,seattle,2026-09-02,"64.9F (5:00pm, 24¢) -> 65.2F (5:16pm, 25¢) -> 66F (5:46pm, 100¢↑) -> 67.2F (8:17am, 41¢) -> 68.7F (8:31am, 27¢) -> 67.9F (8:48am, 25¢) -> 67.4F (9:19am, 46¢) -> 67.3F (9:44am, 46¢) -> 68.7F (10:09am, 22¢) -> 68.4F (10:17am, 23¢) -> 68F (10:26am, 26¢) -> 67.8F (10:32am, 45¢) -> 67.5F (10:39am, 44¢) -> 67.3F (10:43am, 50¢) -> 67.1F (10:49am, 50¢) -> 66.6F (11:00am, 50¢) -> 68.3F (11:16am, 38¢) -> 69.6F (11:30am, 38¢) -> 70.7F (11:47am, 18¢) -> 70.4F (12:00pm, 7¢) -> 65.3F (12:17pm, 93¢↑) -> 63.3F (12:30pm, 98¢↑) -> 63.3F (12:46pm, 96¢↑) -> 65.1F (1:00pm, 96¢↑) -> 66F (1:16pm, 96¢↑) -> 64.5F (1:30pm, 99¢↑) -> 63.2F (1:46pm, 98¢↑) -> 63.7F (2:06pm, 98¢↑) -> 64F (2:17pm, 99¢↑) -> 63F (2:38pm, 99¢↑) -> 63.5F (2:54pm, 99¢↑) -> 63.6F (3:00pm, 99¢↑) -> 63.3F (3:17pm, 99¢↑) -> 63.6F (3:33pm, 99¢↑) -> 64.1F (3:47pm, 99¢↑) -> 64.2F (4:03pm, 99¢↑) -> 64.3F (4:16pm, 99¢↑) -> 65.9F (4:30pm, 99¢↑) -> 66F (4:47pm, 100¢↑) -> 66F (5:01pm, 100¢↑) -> 64.6F (5:20pm, 100¢↑) -> 64.5F (5:31pm, 100¢↑)",F,2026-09-02T00:03:25.357Z,2026-09-03T00:55:53.972Z
126,los angeles,2026-09-02,"74.6F (5:01pm, 22¢) -> 74.9F (5:20pm, 19¢) -> 72.7F (5:35pm, 2¢) -> 73.4F (5:50pm, 2¢) -> 78.3F (8:19am, 18¢) -> 77.6F (8:34am, 71¢) -> 76.4F (8:56am, 70¢) -> 77.3F (9:20am, 75¢) -> 78.5F (9:44am, 10¢) -> 76.3F (9:49am, 71¢) -> 77.7F (9:53am, 71¢) -> 77.9F (10:00am, 10¢) -> 77.7F (10:10am, 74¢) -> 77.4F (10:18am, 73¢) -> 76.9F (10:33am, 76¢) -> 76.3F (10:50am, 78¢) -> 76F (11:00am, 78¢) -> 77.7F (11:17am, 74¢) -> 75.4F (11:30am, 14¢) -> 77.2F (11:48am, 75¢) -> 75F (12:00pm, 27¢) -> 76.8F (12:18pm, 60¢) -> 76.5F (12:31pm, 60¢) -> 76.3F (12:47pm, 71¢) -> 76.2F (1:01pm, 86¢) -> 76.1F (1:17pm, 93¢) -> 76.1F (1:31pm, 94¢) -> 76F (1:48pm, 93¢) -> 77.4F (2:00pm, 98¢) -> 76F (2:17pm, 96¢) -> 77.5F (2:32pm, 96¢) -> 77.6F (2:47pm, 85¢) -> 76.2F (3:05pm, 97¢) -> 76.3F (3:17pm, 96¢) -> 76.4F (3:30pm, 96¢) -> 76.7F (3:49pm, 98¢) -> 76.8F (4:00pm, 99¢) -> 77F (4:18pm, 99¢) -> 75.2F (4:31pm, 99¢↑) -> 77.3F (4:49pm, 100¢) -> 75.4F (5:05pm, 100¢↑) -> 75.6F (5:21pm) -> 75.8F (5:36pm, 100¢↑) -> 75.7F (5:55pm, 100¢↑)",F,2026-09-02T00:04:24.332Z,2026-09-03T00:59:40.915Z
127,seoul,2026-09-02,"28.1C (9:00am, 48¢) -> 27.8C (9:30am, 48¢) -> 27.4C (10:00am, 36¢) -> 27C (10:30am, 27¢) -> 27.6C (11:00am, 27¢) -> 27.2C (11:30am, 27¢) -> 26.6C (12:30pm, 3¢) -> 27.4C (1:00pm, 27¢) -> 27.3C (1:30pm, 28¢) -> 28.2C (2:00pm, 83¢) -> 28.2C (2:30pm, 92¢) -> 28.1C (3:00pm, 92¢) -> 28.3C (4:00pm, 85¢) -> 28.5C (4:30pm, 95¢) -> 27.6C (5:00pm, 100¢↑) -> 27.9C (5:30pm, 100¢) -> 28.1C (8:30am, 100¢)",C,2026-09-02T00:06:05.509Z,2026-09-02T23:36:31.717Z
128,san francisco,2026-09-02,"69.8F (5:03pm, 7¢) -> 71.9F (5:15pm, 100¢) -> 70.8F (5:30pm, 100¢↑) -> 71.2F (5:45pm, 99¢↑) -> 72.9F (8:15am, 42¢) -> 74.1F (8:38am, 24¢) -> 71.2F (9:00am, 31¢) -> 72.4F (9:18am, 43¢) -> 71.9F (9:32am, 41¢) -> 71.6F (9:42am, 40¢) -> 72.2F (10:07am, 41¢) -> 72F (10:15am, 41¢) -> 71.8F (10:25am, 33¢) -> 73.2F (10:31am, 43¢) -> 72.7F (10:47am, 44¢) -> 72.2F (11:05am, 45¢) -> 72F (11:15am, 45¢) -> 73.7F (11:35am, 45¢) -> 71.6F (11:45am, 25¢) -> 68.1F (12:06pm, 7¢) -> 69.5F (12:15pm, 12¢) -> 70.7F (12:37pm, 65¢) -> 70.7F (12:45pm, 57¢) -> 70.4F (1:05pm, 61¢) -> 70.4F (1:15pm, 67¢) -> 72.1F (1:37pm, 28¢) -> 72F (1:45pm, 30¢) -> 71.9F (2:05pm, 24¢) -> 69.9F (2:15pm, 70¢) -> 71.9F (2:30pm, 24¢) -> 72F (2:45pm, 36¢) -> 72.1F (3:03pm, 99¢) -> 72.3F (3:15pm, 99¢) -> 72.3F (3:31pm, 98¢) -> 72.5F (3:45pm, 99¢) -> 74.7F (4:02pm, 5¢) -> 72.9F (4:15pm, 97¢) -> 71.2F (4:34pm, 99¢↑) -> 71.3F (4:45pm, 99¢↑) -> 71.5F (5:00pm, 99¢↑)",F,2026-09-02T00:07:04.510Z,2026-09-03T00:49:21.190Z
129,tokyo,2026-09-02,"30.3C (9:00am, 25¢) -> 28.9C (9:30am, 7¢) -> 29.5C (10:00am, 10¢) -> 29.1C (10:30am, 12¢) -> 28.7C (11:00am, 3¢) -> 29.3C (11:30am, 12¢) -> 31.7C (12:30pm, 42¢) -> 30.4C (1:00pm, 27¢) -> 31.3C (1:30pm, 42¢) -> 31.2C (2:00pm, 72¢) -> 31.2C (2:30pm, 92¢) -> 30.1C (3:00pm, 95¢↑) -> 30.4C (3:30pm, 99¢↑) -> 30.6C (4:00pm, 100¢↑) -> 30.9C (4:30pm, 100¢) -> 30.7C (5:30pm, 100¢↑) -> 31.5C (8:30am, 100¢)",C,2026-09-02T00:11:03.233Z,2026-09-02T23:41:31.835Z
130,hong kong,2026-09-02,"30.3F (8:10am, 27¢) -> 30.2C (8:20am, 27¢) -> 30C (8:30am, 27¢) -> 30C (8:40am, 26¢) -> 30C (8:50am, 24¢) -> 29.9C (9:00am, 23¢) -> 30.7F (9:10am, 23¢) -> 30.5C (9:20am, 25¢) -> 30.5F (9:30am, 27¢) -> 30.2C (9:40am, 27¢) -> 30C (9:50am, 27¢) -> 29.9C (10:00am, 27¢) -> 29.8F (10:10am, 27¢) -> 29.7F (10:20am, 40¢) -> 29.5C (10:30am, 40¢) -> nullC (10:40am, 2¢↑) -> 30C (11:20am, 27¢) -> 29.9C (11:30am, 27¢) -> 29.8C (11:40am, 27¢) -> 29.6C (11:50am, 40¢) -> 29.5C (12:00pm, 40¢) -> 29.4C (12:10pm, 40¢) -> 29.2C (12:20pm, 40¢) -> 30.1C (12:30pm, 28¢) -> 29.9C (12:40pm, 27¢) -> 30.8C (12:50pm, 6¢) -> 30.7C (1:00pm, 54¢) -> 30.7C (1:10pm, 23¢) -> 31.6C (1:20pm, 86¢) -> 31.6C (1:30pm, 80¢) -> 30.5C (1:40pm, 88¢↑) -> 30.4C (1:50pm, 94¢↑) -> 31.4C (2:00pm, 97¢) -> 31.4C (2:10pm, 89¢) -> 32.2C (2:20pm, 25¢) -> 31.2C (2:30pm, 86¢) -> 32.2C (2:40pm, 12¢) -> 32.1C (2:50pm, 15¢) -> 31.1C (3:00pm, 92¢) -> 31.1C (3:10pm, 88¢) -> 32.1C (3:20pm, 9¢) -> 31.2C (3:30pm, 93¢) -> 31.3C (3:40pm, 96¢) -> 31.3C (3:50pm, 99¢) -> 30.4C (4:00pm, 99¢↑) -> 30.6C (4:10pm, 99¢↑) -> 30.7C (4:20pm, 100¢↑) -> 30.9C (4:30pm, 100¢) -> 31.1C (4:40pm, 100¢) -> 31.3C (4:50pm, 100¢) -> 31.4C (5:00pm, 100¢) -> 31.5C (5:10pm, 100¢) -> 31.6C (5:20pm, 100¢) -> 31.7C (5:30pm, 100¢) -> 31.8C (5:40pm, 0¢)",C,2026-09-02T00:20:53.912Z,2026-09-02T09:51:01.185Z
131,singapore,2026-09-02,"32.5F (8:30am, 13¢) -> 32F (9:00am, 15¢) -> 32.6F (9:30am, 11¢) -> 33.1F (10:00am, 76¢) -> nullF (10:30am, 1¢↑) -> 32.1C (11:30am, 10¢) -> 31.8C (12:00pm, 10¢) -> 32.6C (12:30pm, 10¢) -> 32.4C (1:00pm, 16¢) -> 32.2C (1:30pm, 19¢) -> 33C (2:00pm, 83¢) -> 33.1C (2:30pm, 89¢) -> 32.3C (3:00pm, 90¢↑) -> 32.4C (3:30pm, 99¢↑) -> 32.5C (4:00pm, 99¢↑) -> 32.8C (4:30pm, 100¢↑) -> 33C (5:00pm, 100¢) -> 32.4C (5:30pm, 100¢↑)",C,2026-09-02T00:37:15.120Z,2026-09-02T09:31:40.679Z
132,beijing,2026-09-02,"32.5F (8:30am, 14¢) -> 32.3C (9:00am, 14¢) -> 31.2C (9:30am, 64¢) -> 31.6C (10:00am, 64¢) -> 30.1C (10:30am, 18¢) -> 30.7C (11:30am, 18¢) -> 31C (12:00pm, 64¢) -> 30.5C (12:30pm, 18¢) -> 29.9C (1:00pm, 20¢) -> 30.5C (1:30pm, 24¢) -> 30.2C (2:00pm, 44¢) -> 30.2C (2:30pm, 36¢) -> 30.1C (3:00pm, 53¢) -> 30.1C (3:30pm, 64¢) -> 30.1C (4:00pm, 88¢) -> 31.4C (4:30pm, 99¢) -> 30.5C (5:00pm, 100¢↑) -> 30.1C (5:30pm, 100¢↑)",C,2026-09-02T00:41:17.009Z,2026-09-02T09:41:10.693Z
133,shanghai,2026-09-02,"29.8C (8:30am, 41¢) -> 29.4C (9:00am, 52¢) -> 29.3C (9:30am, 43¢) -> 29C (10:00am, 43¢) -> 30.2C (10:30am, 51¢) -> 30.5C (11:30am, 51¢) -> 30.6C (12:00pm, 51¢) -> 27.7C (12:30pm, 43¢↑) -> 26.8C (1:00pm, 99¢↑) -> 26C (1:30pm, 99¢↑) -> 26.2C (2:00pm, 99¢↑) -> 26.4C (2:30pm, 100¢↑) -> 27.5C (3:00pm, 100¢↑) -> 28.5C (3:30pm, 100¢↑) -> 28.5C (4:00pm, 100¢↑) -> 28.6C (4:30pm, 100¢↑) -> 28.7C (5:00pm, 100¢↑) -> 28.9C (5:30pm, 100¢↑)",C,2026-09-02T00:41:44.223Z,2026-09-02T09:41:30.549Z
134,shenzhen,2026-09-02,"29.5C (9:00am, 28¢) -> 29.7C (10:00am, 29¢) -> 29.2C (12:00pm, 29¢) -> 29.8C (1:00pm, 33¢) -> 30.2C (2:00pm, 62¢) -> 30.3C (3:00pm, 65¢) -> 29.5C (4:00pm, 97¢↑) -> 30.1C (5:00pm, 99¢)",C,2026-09-02T01:11:23.237Z,2026-09-02T09:11:40.761Z
135,munich,2026-09-02,"25.4C (8:20am, 66¢) -> 26.2C (8:50am, 25¢) -> 26.9C (9:20am, 1¢) -> 25.5C (9:50am, 66¢) -> 25.3C (10:20am, 66¢) -> 25.2C (10:50am, 66¢) -> 25.5C (11:20am, 68¢) -> 24.9C (11:50am, 73¢) -> 24.3C (12:20pm, 8¢) -> 24.8C (12:50pm, 67¢) -> 25.5C (1:20pm, 69¢) -> 25.2C (1:50pm, 69¢) -> 24.9C (2:20pm, 64¢) -> 24.6C (2:50pm, 4¢) -> 25.4C (3:20pm, 72¢) -> 25.2C (3:50pm, 44¢) -> 25.1C (4:20pm, 74¢) -> 25.1C (4:50pm, 74¢) -> 24.3C (5:20pm, 95¢↑) -> 24.7C (5:50pm, 100¢↑)",C,2026-09-02T06:24:40.993Z,2026-09-02T15:57:04.996Z
136,milan,2026-09-02,"30.9C (8:20am, 11¢) -> 29.8C (8:50am, 61¢) -> 29.9C (9:20am, 59¢) -> 31.2C (9:50am, 12¢) -> 30.6C (10:20am, 54¢) -> 29.8C (10:50am, 53¢) -> 30.3C (11:20am, 57¢) -> 29.9C (11:50am, 57¢) -> 30.4C (12:20pm, 60¢) -> 29.9C (12:50pm, 61¢) -> 29.5C (1:20pm, 14¢) -> 30C (1:50pm, 61¢) -> 29.7C (2:20pm, 12¢) -> 30.4C (2:50pm, 65¢) -> 30.3C (3:20pm, 70¢) -> 30.1C (3:50pm, 63¢) -> 30.1C (4:20pm, 67¢) -> 30.1C (4:50pm, 69¢) -> 30.3C (5:20pm, 91¢) -> 30.5C (5:50pm, 94¢)",C,2026-09-02T06:26:51.149Z,2026-09-02T15:58:13.941Z
137,amsterdam,2026-09-02,"21.2C (8:25am, 64¢) -> 20.6C (8:55am, 10¢) -> 21.8C (9:25am, 26¢) -> 22.1C (9:55am, 20¢) -> 21.3C (10:25am, 66¢) -> 21.6C (10:55am, 63¢) -> 21.1C (11:25am, 70¢) -> 20.7C (11:55am, 7¢) -> 21.5C (12:25pm, 78¢) -> 22.3C (12:55pm, 55¢) -> 21.2C (1:25pm, 87¢↑) -> 21C (1:55pm, 94¢↑) -> 21.2C (2:25pm, 96¢↑) -> 22.3C (2:55pm, 91¢) -> 21.5C (3:25pm, 96¢↑) -> 21.7C (3:55pm, 99¢↑) -> 20.8C (4:25pm, 99¢↑) -> 21C (4:55pm, 100¢↑) -> 21.2C (5:55pm, 100¢↑)",C,2026-09-02T06:28:50.733Z,2026-09-02T15:59:14.049Z
138,paris,2026-09-02,"24.4C (8:30am, 13¢) -> 25.5C (9:00am, 50¢) -> 26.4C (9:30am, 34¢) -> 26.3C (10:00am, 34¢) -> 26.4C (10:30am, 35¢) -> 26.4C (11:00am, 51¢) -> 25.7C (11:30am, 41¢) -> 26.1C (12:00pm, 57¢) -> 25.5C (12:30pm, 45¢) -> 26C (1:00pm, 56¢) -> 25.4C (1:30pm, 53¢) -> 25.9C (2:00pm, 53¢) -> 25.5C (2:30pm, 35¢) -> 25.1C (3:00pm, 45¢) -> 24.8C (3:30pm, 54¢) -> 24.4C (4:00pm, 8¢) -> 25.3C (4:30pm, 72¢) -> 25.2C (5:00pm, 70¢) -> 25.1C (5:30pm, 73¢)",C,2026-09-02T06:33:00.622Z,2026-09-02T15:33:51.468Z
139,madrid,2026-09-02,"34.8C (8:30am, 11¢↑) -> 34.7C (9:00am, 1¢) -> 35.1C (9:30am, 13¢) -> 34.6C (10:00am, 18¢↑) -> 34.9C (10:30am, 15¢) -> 34.3C (11:00am, 1¢) -> 34.9C (11:30am, 19¢) -> 35.5C (12:00pm, 20¢) -> 35.2C (12:30pm, 22¢) -> 34.9C (1:00pm, 24¢) -> 34.8C (1:30pm, 1¢) -> 35.8C (2:00pm, 20¢) -> 35C (2:30pm, 10¢) -> 35.4C (3:00pm, 25¢) -> 34.9C (3:30pm, 22¢) -> 35.4C (4:00pm, 22¢) -> 35.2C (4:30pm, 25¢) -> 35.1C (5:00pm, 14¢) -> 35.1C (5:30pm, 26¢)",C,2026-09-02T06:37:01.277Z,2026-09-02T15:35:24.683Z
140,london,2026-09-02,"21.3C (8:20am, 57¢) -> 21C (8:50am, 56¢) -> 21.6C (9:20am, 54¢) -> 21.4C (9:50am, 47¢) -> 21.2C (10:20am, 46¢) -> 21.8C (10:50am, 14¢) -> 21.6C (11:20am, 54¢) -> 20.3C (11:50am, 30¢) -> 20.2C (12:20pm, 46¢) -> 22.1C (12:50pm, 20¢) -> 21.1C (1:20pm, 66¢) -> 22C (1:50pm, 25¢) -> 21.9C (2:20pm, 15¢) -> 21.7C (2:50pm, 86¢) -> 21.5C (3:20pm, 78¢) -> 21.4C (3:50pm, 80¢) -> 21.4C (4:20pm, 94¢) -> 21.4C (4:50pm, 95¢) -> 21.5C (5:20pm, 99¢) -> 20.8C (5:50pm, 99¢)",C,2026-09-02T07:26:40.706Z,2026-09-02T16:55:41.903Z
141,atlanta,2026-09-02,"96.5F (8:16am, 50¢) -> 97.7F (8:30am, 51¢) -> 96.4F (8:49am, 51¢) -> 97.5F (9:04am, 54¢) -> 96.7F (9:15am, 53¢) -> 95.4F (9:34am, 30¢) -> 96.1F (9:45am, 55¢) -> 96.3F (10:04am, 58¢) -> 97F (10:16am, 61¢) -> 96F (10:34am, 61¢) -> 95.4F (10:45am, 27¢) -> 96F (11:05am, 61¢) -> 95.3F (11:25am, 32¢) -> 94.5F (11:43am, 33¢) -> 95.8F (11:59am, 32¢) -> 95.6F (12:05pm, 28¢) -> 92.8F (12:25pm, 3¢) -> 94.4F (12:37pm, 32¢) -> 93.2F (1:22pm, 3¢) -> 95.1F (1:28pm, 40¢) -> 92.9F (1:35pm, 3¢) -> 92.8F (1:40pm, 3¢) -> 92.7F (1:45pm, 3¢) -> 93.1F (1:52pm, 3¢) -> 92.3F (2:02pm, 4¢) -> 92.2F (2:20pm, 10¢) -> 95.7F (2:32pm, 51¢) -> 95.6F (2:52pm, 63¢) -> 94.2F (3:02pm, 70¢) -> 92.9F (3:21pm, 70¢↑) -> 95F (3:34pm, 71¢) -> 93F (3:50pm, 83¢↑) -> 94.4F (4:02pm, 93¢) -> 96.2F (4:20pm, 8¢) -> 96.4F (4:34pm, 12¢) -> 95.1F (4:50pm, 89¢) -> 95F (5:01pm, 93¢) -> 95.4F (5:20pm, 96¢) -> 97.2F (5:41pm, 2¢) -> 95.8F (5:50pm, 94¢)",F,2026-09-02T12:19:20.872Z,2026-09-02T21:54:14.672Z
142,miami,2026-09-02,"89.7F (8:17am, 32¢) -> 89.3F (8:31am, 32¢) -> 90.6F (8:50am, 52¢) -> 90.1F (9:00am, 52¢) -> 91.5F (9:17am, 52¢) -> 91F (9:30am, 51¢) -> 91.7F (9:46am, 55¢) -> 90F (10:00am, 59¢) -> 92.4F (10:17am, 17¢) -> 91.9F (10:30am, 18¢) -> 91.4F (10:47am, 56¢) -> 90.9F (11:01am, 52¢) -> 88.8F (12:10pm, 73¢) -> 87.1F (12:26pm, 74¢↑) -> 88.1F (1:06pm, 81¢) -> 88.1F (1:13pm, 82¢) -> 88.1F (1:24pm, 85¢) -> 88.1F (1:29pm, 79¢) -> 90.1F (1:36pm, 20¢) -> 90.1F (1:41pm, 38¢) -> 90F (1:46pm, 34¢) -> 88.5F (1:53pm, 67¢) -> 90F (1:55pm, 24¢) -> 88F (2:03pm, 27¢) -> 85.1F (2:21pm, 16¢↑) -> 83.3F (2:33pm, 3¢↑) -> 80F (2:53pm, 4¢↑) -> 79.2F (3:02pm, 4¢↑) -> 79.8F (3:23pm, 3¢↑) -> 82.1F (3:35pm, 2¢↑) -> 82.8F (3:50pm, 98¢↑) -> 84.8F (4:02pm, 99¢↑) -> 86.8F (4:22pm, 99¢↑) -> 87F (4:35pm, 99¢↑) -> 87.7F (4:51pm, 1¢↑) -> 89.4F (5:02pm, 100¢↑) -> 89.5F (5:22pm, 2¢) -> 88.2F (5:42pm, 98¢↑) -> 88.9F (5:53pm, 2¢)",F,2026-09-02T12:20:41.284Z,2026-09-02T21:56:31.153Z
143,nyc,2026-09-02,"72.7F (8:18am, 28¢) -> 72.5F (8:32am, 29¢) -> 73.8F (8:46am, 28¢) -> 74.9F (9:05am, 46¢) -> 74.7F (9:17am, 46¢) -> 74.3F (9:31am, 48¢) -> 73.6F (9:50am, 35¢) -> 73.4F (10:06am, 34¢) -> 73.1F (10:18am, 31¢) -> 72.9F (10:33am, 33¢) -> 72.6F (10:48am, 43¢) -> 74.4F (11:06am, 27¢) -> 72.2F (11:19am, 39¢) -> 74F (11:34am, 36¢) -> 73.9F (11:39am, 36¢) -> 73.6F (11:56am, 61¢) -> 73.5F (12:02pm, 48¢) -> 72.8F (12:22pm, 52¢) -> 73F (12:48pm, 41¢) -> 72.8F (12:59pm, 44¢) -> 72.8F (1:09pm, 60¢) -> 72.8F (1:18pm, 53¢) -> 74.7F (1:32pm, 45¢) -> 74.7F (1:49pm, 39¢) -> 74.6F (2:04pm, 84¢) -> 72.5F (2:16pm, 91¢↑) -> 72.3F (2:35pm, 89¢↑) -> 72.1F (2:47pm, 89¢↑) -> 72.1F (3:05pm, 92¢↑) -> 72F (3:17pm, 93¢↑) -> 70F (3:30pm, 99¢↑) -> 70.1F (3:46pm, 98¢↑) -> 70.1F (4:04pm, 99¢↑) -> 70.1F (4:17pm, 99¢↑) -> 70.2F (4:31pm, 99¢↑) -> 70.1F (4:47pm, 99¢↑) -> 72.4F (5:06pm, 100¢↑) -> 72.5F (5:17pm, 100¢↑) -> 72.5F (5:37pm, 100¢↑) -> 72.5F (5:55pm, 100¢↑)",F,2026-09-02T12:23:40.779Z,2026-09-02T22:01:11.148Z
144,tokyo,2026-09-03,"31.5C (8:30am) -> 31.2C (9:00am, 45¢) -> 31.8C (9:30am, 22¢) -> 31.6C (10:00am, 54¢) -> 31.2C (10:30am, 54¢) -> 30.9C (11:00am, 52¢) -> 30.6C (11:30am, 28¢) -> 30.3C (12:00pm, 22¢) -> 30.2C (12:30pm, 17¢) -> 31.2C (1:00pm, 70¢) -> 31.2C (1:30pm, 87¢) -> 31.2C (2:00pm, 94¢) -> 31.3C (2:30pm, 96¢) -> 31.4C (3:00pm, 96¢)",C,2026-09-02T23:56:00.516Z,2026-09-03T06:06:41.352Z
145,seoul,2026-09-03,"28.4C (9:00am, 4¢) -> 27.8C (9:30am, 6¢) -> 28C (10:00am, 11¢) -> 28.2C (10:30am, 13¢) -> 28.5C (11:00am, 13¢) -> 29C (11:30am, 43¢) -> 29.4C (12:00pm, 35¢) -> 30.1C (12:30pm, 64¢) -> 30.8C (1:00pm, 33¢) -> 30.6C (1:30pm, 78¢) -> 30.3C (2:00pm, 74¢) -> 30.3C (2:30pm, 70¢) -> 30.2C (3:00pm, 91¢)",C,2026-09-03T00:06:32.241Z,2026-09-03T06:07:10.858Z
146,hong kong,2026-09-03,"30.5C (8:10am, 28¢) -> 31.4C (8:20am, 47¢) -> 31.2C (8:30am, 48¢) -> 31.1C (8:40am, 48¢) -> 30.9C (8:50am, 50¢) -> 30.7C (9:00am, 28¢) -> 30.6C (9:10am, 25¢) -> 30.4C (9:20am, 18¢) -> 31.3C (9:30am, 56¢) -> 31.1C (9:40am, 56¢) -> 31C (9:50am, 56¢) -> 30.8C (10:00am, 56¢) -> 30.6C (10:10am, 11¢) -> 30.5C (10:20am, 27¢) -> 30.5C (10:30am, 33¢) -> 30.4C (10:40am, 33¢) -> 30.2C (10:50am, 35¢) -> 30.1C (11:00am, 30¢) -> 31C (11:10am, 50¢) -> 30.8C (11:20am, 65¢) -> 30.7C (11:30am, 14¢) -> 31.6C (11:40am, 66¢) -> 30.4C (11:50am, 14¢) -> 30.3C (12:00pm, 27¢) -> 30.2C (12:10pm, 31¢) -> 30.1C (12:20pm, 40¢) -> 30C (12:30pm, 52¢) -> 29.8C (12:40pm, 45¢) -> 29.7C (12:50pm, 9¢) -> 29.6C (1:00pm, 18¢) -> 29.5C (1:10pm, 46¢) -> 29.5C (1:20pm) -> 29.4C (1:30pm, 64¢) -> 29.4C (1:40pm, 55¢) -> 29.3C (1:50pm, 51¢)",C,2026-09-03T00:21:00.861Z,2026-09-03T06:00:51.954Z
147,beijing,2026-09-03,"33.9C (8:30am, 6¢) -> 33.7C (9:00am, 19¢) -> 33.7C (9:30am, 29¢) -> 33.6C (10:00am, 35¢) -> 33.6C (10:30am, 37¢) -> 32.7C (11:00am, 50¢) -> 33C (11:30am, 39¢) -> 33.2C (12:00pm, 36¢) -> 32.6C (12:30pm, 38¢) -> 32C (1:00pm, 51¢) -> 32.6C (1:30pm, 51¢)",C,2026-09-03T00:36:52.050Z,2026-09-03T05:41:21.002Z
148,shanghai,2026-09-03,"30.4C (8:30am, 33¢) -> 31.2C (9:00am, 64¢) -> 31C (9:30am, 79¢) -> 31.9C (10:00am, 12¢) -> 31.8C (10:30am, 37¢) -> 31.6C (11:00am, 60¢) -> 31.4C (11:30am, 78¢) -> 31.3C (12:00pm, 79¢) -> 31.2C (12:30pm, 81¢) -> 31C (1:00pm, 84¢) -> 31.1C (1:30pm, 92¢)",C,2026-09-03T00:37:32.135Z,2026-09-03T05:36:01.436Z
149,singapore,2026-09-03,"32.9C (8:30am, 74¢) -> 32.4C (9:00am, 10¢) -> 31.9C (9:30am, 13¢) -> 32.4C (10:00am, 8¢) -> 33C (10:30am, 85¢) -> 32.5C (11:00am, 7¢) -> 32.2C (11:30am, 7¢) -> 32C (12:00pm, 7¢) -> 31.6C (12:30pm, 8¢↑) -> 33.2C (1:00pm, 71¢) -> 33.1C (1:30pm, 93¢) -> 33C (2:00pm, 67¢)",C,2026-09-03T00:38:41.982Z,2026-09-03T06:02:30.900Z
150,shenzhen,2026-09-03,"30.7C (9:00am, 38¢) -> 30.9C (10:00am, 40¢) -> 30C (11:00am, 43¢) -> 30.1C (12:00pm, 49¢) -> 30.5C (1:00pm, 69¢)",C,2026-09-03T01:11:30.632Z,2026-09-03T05:11:11.073Z